UID,nickname,날짜,누적공적,누적점수,일일공적
372401.0,더브리,2025-02-08,11388.0,0.0,0
372401.0,더브리,2025-02-09,12563.0,9958.0,180.0
372401.0,더브리,2025-02-10,13770.0,20238.0,180.0
372401.0,더브리,2025-02-11,15064.0,31400.0,180.0
372401.0,더브리,2025-02-12,16342.0,42395.0,180.0
372401.0,더브리,2025-02-13,17603.0,53225.0,180.0
372401.0,더브리,2025-02-14,18932.0,64730.0,180.0
372401.0,더브리,2025-02-15,20206,75682,180
410091.0,시스,2025-02-08,11609.0,0.0,0
410091.0,시스,2025-02-09,12711.0,9234.0,180.0
410091.0,시스,2025-02-10,13826.0,18579.0,180.0
410091.0,시스,2025-02-11,14940.0,27956.0,180.0
410091.0,시스,2025-02-12,16038.0,37162.0,180.0
410091.0,시스,2025-02-13,17151.0,46505.0,180.0
410091.0,시스,2025-02-14,18349.0,56698.0,180.0
410091.0,시스,2025-02-15,19487,66279,180
502910.0,이유식실장기원,2025-02-08,6654.0,0.0,0
502910.0,이유식실장기원,2025-02-09,7645.0,8130.0,180.0
502910.0,이유식실장기원,2025-02-10,8642.0,16310.0,180.0
502910.0,이유식실장기원,2025-02-11,9717.0,25277.0,180.0
502910.0,이유식실장기원,2025-02-12,10695.0,33268.0,180.0
502910.0,이유식실장기원,2025-02-13,11638.0,40910.0,180.0
502910.0,이유식실장기원,2025-02-14,12710.0,49846.0,180.0
502910.0,이유식실장기원,2025-02-15,13751,58464,180
13733.0,Syrup,2025-02-08,11414.0,0.0,0
13733.0,Syrup,2025-02-09,12437.0,8446.0,180.0
13733.0,Syrup,2025-02-10,13467.0,16953.0,180.0
13733.0,Syrup,2025-02-11,14534.0,25843.0,180.0
13733.0,Syrup,2025-02-12,15628.0,35002.0,180.0
13733.0,Syrup,2025-02-13,16675.0,43685.0,180.0
13733.0,Syrup,2025-02-14,17845.0,53595.0,180.0
13733.0,Syrup,2025-02-15,18934,62704,180
31979.0,verpivia,2025-02-08,11019.0,0.0,0
31979.0,verpivia,2025-02-09,11990.0,7924.0,180.0
31979.0,verpivia,2025-02-10,12972.0,15969.0,180.0
31979.0,verpivia,2025-02-11,14015.0,24609.0,180.0
31979.0,verpivia,2025-02-12,15093.0,33602.0,180.0
31979.0,verpivia,2025-02-13,16206.0,42950.0,180.0
31979.0,verpivia,2025-02-14,17353.0,52632.0,180.0
31979.0,verpivia,2025-02-15,18453,61842,180
34885.0,Bigfish,2025-02-08,9448.0,0.0,0
34885.0,Bigfish,2025-02-09,10224.0,6275.0,150.0
34885.0,Bigfish,2025-02-10,11006.0,12597.0,150.0
34885.0,Bigfish,2025-02-11,11799.0,19036.0,150.0
34885.0,Bigfish,2025-02-12,12589.0,25440.0,150.0
34885.0,Bigfish,2025-02-13,13379.0,31849.0,150.0
34885.0,Bigfish,2025-02-14,14177.0,38337.0,150.0
34885.0,Bigfish,2025-02-15,14988,44956,150
283659.0,리아,2025-02-08,6325.0,0.0,0
283659.0,리아,2025-02-09,6947.0,4733.0,150.0
283659.0,리아,2025-02-10,7588.0,9652.0,150.0
283659.0,리아,2025-02-11,8488.0,16869.0,180.0
283659.0,리아,2025-02-12,9325.0,23460.0,180.0
283659.0,리아,2025-02-13,9985.0,28567.0,150.0
283659.0,리아,2025-02-14,10633.0,33556.0,150.0
283659.0,리아,2025-02-15,11288,38616,150
762070.0,냐옹아울어바,2025-02-08,10107.0,0.0,0
762070.0,냐옹아울어바,2025-02-09,10991.0,7057.0,180.0
762070.0,냐옹아울어바,2025-02-10,12010.0,15461.0,180.0
762070.0,냐옹아울어바,2025-02-11,12989.0,23459.0,180.0
762070.0,냐옹아울어바,2025-02-12,13991.0,31692.0,180.0
762070.0,냐옹아울어바,2025-02-13,14968.0,39682.0,180.0
762070.0,냐옹아울어바,2025-02-14,15949.0,47707.0,180.0
762070.0,냐옹아울어바,2025-02-15,16674,53461,150
576867.0,붉은황새,2025-02-08,900.0,0.0,0
576867.0,붉은황새,2025-02-09,1618.0,5695.0,150.0
576867.0,붉은황새,2025-02-10,2342.0,11446.0,150.0
576867.0,붉은황새,2025-02-11,3079.0,17329.0,150.0
576867.0,붉은황새,2025-02-12,3789.0,22938.0,150.0
576867.0,붉은황새,2025-02-13,4561.0,29167.0,150.0
576867.0,붉은황새,2025-02-14,5339.0,35454.0,150.0
576867.0,붉은황새,2025-02-15,6059,41164,150
1861815.0,프리렌,2025-02-08,450.0,0.0,0
1861815.0,프리렌,2025-02-09,1412.0,7831.0,180.0
1861815.0,프리렌,2025-02-10,2427.0,16196.0,180.0
1861815.0,프리렌,2025-02-11,3562.0,25758.0,180.0
1861815.0,프리렌,2025-02-12,4612.0,34468.0,180.0
1861815.0,프리렌,2025-02-13,5669.0,43245.0,180.0
1861815.0,프리렌,2025-02-14,6789.0,52666.0,180.0
1861815.0,프리렌,2025-02-15,7835,61340,180
3155311.0,Ryngvi,2025-02-08,7352.0,0.0,0
3155311.0,Ryngvi,2025-02-09,8412.0,8811.0,180.0
3155311.0,Ryngvi,2025-02-10,9485.0,17764.0,180.0
3155311.0,Ryngvi,2025-02-11,10571.0,26841.0,180.0
3155311.0,Ryngvi,2025-02-12,11654.0,35887.0,180.0
3155311.0,Ryngvi,2025-02-13,12865.0,46213.0,180.0
3155311.0,Ryngvi,2025-02-14,14094.0,56718.0,180.0
3155311.0,Ryngvi,2025-02-15,15307,67059,180
1256692.0,LSUTIGERS,2025-02-08,8253.0,0.0,0
1256692.0,LSUTIGERS,2025-02-09,9079.0,6474.0,180.0
1256692.0,LSUTIGERS,2025-02-10,9923.0,13133.0,180.0
1256692.0,LSUTIGERS,2025-02-11,10863.0,20747.0,180.0
1256692.0,LSUTIGERS,2025-02-12,11757.0,27899.0,180.0
1256692.0,LSUTIGERS,2025-02-13,12636.0,34900.0,180.0
1256692.0,LSUTIGERS,2025-02-14,13628.0,43043.0,180.0
1256692.0,LSUTIGERS,2025-02-15,14506,50439,140
94359.0,0노엘0,2025-02-08,8768.0,0.0,0
94359.0,0노엘0,2025-02-09,9729.0,7832.0,180.0
94359.0,0노엘0,2025-02-10,10750.0,16258.0,180.0
94359.0,0노엘0,2025-02-11,11847.0,25436.0,180.0
94359.0,0노엘0,2025-02-12,12601.0,31483.0,150.0
94359.0,0노엘0,2025-02-13,13651.0,40196.0,180.0
94359.0,0노엘0,2025-02-14,14713.0,49028.0,180.0
94359.0,0노엘0,2025-02-15,15523,55639,150
2281763.0,부굥,2025-02-08,1080.0,0.0,0
2281763.0,부굥,2025-02-09,1962.0,7039.0,180.0
2281763.0,부굥,2025-02-10,2931.0,14945.0,180.0
2281763.0,부굥,2025-02-11,3777.0,21617.0,180.0
2281763.0,부굥,2025-02-12,4748.0,29537.0,180.0
2281763.0,부굥,2025-02-13,5693.0,37201.0,180.0
2281763.0,부굥,2025-02-14,6704.0,45528.0,180.0
2281763.0,부굥,2025-02-15,7654,53236,180
2777044.0,노네임,2025-02-08,7170.0,0.0,0
2777044.0,노네임,2025-02-09,7809.0,4894.0,150.0
2777044.0,노네임,2025-02-10,8477.0,10082.0,150.0
2777044.0,노네임,2025-02-11,9178.0,15597.0,150.0
2777044.0,노네임,2025-02-12,9857.0,20893.0,150.0
2777044.0,노네임,2025-02-13,10456.0,25392.0,150.0
2777044.0,노네임,2025-02-14,11147.0,30804.0,150.0
2777044.0,노네임,2025-02-15,11820,36044,150
11504.0,베오바흐터,2025-02-08,7350.0,0.0,0
11504.0,베오바흐터,2025-02-09,7970.0,4706.0,150.0
11504.0,베오바흐터,2025-02-10,8610.0,9620.0,150.0
11504.0,베오바흐터,2025-02-11,9270.0,14731.0,150.0
11504.0,베오바흐터,2025-02-12,9939.0,19926.0,150.0
11504.0,베오바흐터,2025-02-13,10623.0,25274.0,150.0
11504.0,베오바흐터,2025-02-14,11394.0,31491.0,150.0
11504.0,베오바흐터,2025-02-15,12073,36788,150
10495.0,아리아,2025-02-08,0.0,0.0,0
10495.0,아리아,2025-02-09,552.0,4029.0,150.0
10495.0,아리아,2025-02-10,1185.0,8865.0,150.0
10495.0,아리아,2025-02-11,1826.0,13783.0,150.0
10495.0,아리아,2025-02-12,2495.0,18976.0,150.0
10495.0,아리아,2025-02-13,3355.0,25794.0,180.0
10495.0,아리아,2025-02-14,4057.0,31321.0,150.0
10495.0,아리아,2025-02-15,4736,36621,150
1320552.0,지휘관(와쟝),2025-02-08,9407.0,0.0,0
1320552.0,지휘관(와쟝),2025-02-09,10051.0,4651.0,180.0
1320552.0,지휘관(와쟝),2025-02-10,10141.0,4651.0,90.0
1320552.0,지휘관(와쟝),2025-02-11,10784.0,9294.0,180.0
1320552.0,지휘관(와쟝),2025-02-12,11466.0,14321.0,180.0
1320552.0,지휘관(와쟝),2025-02-13,12140.0,19270.0,180.0
1320552.0,지휘관(와쟝),2025-02-14,12826.0,24337.0,180.0
1320552.0,지휘관(와쟝),2025-02-15,13525,29537,180
285247.0,야임,2025-02-08,6747.0,0.0,0
285247.0,야임,2025-02-09,7668.0,7425.0,180.0
285247.0,야임,2025-02-10,8620.0,15150.0,180.0
285247.0,야임,2025-02-11,9603.0,23196.0,180.0
285247.0,야임,2025-02-12,10588.0,31267.0,180.0
285247.0,야임,2025-02-13,11537.0,38977.0,180.0
285247.0,야임,2025-02-14,12567.0,47483.0,180.0
285247.0,야임,2025-02-15,13556,55589,180
2047525.0,국정원장,2025-02-08,10888.0,0.0,0
2047525.0,국정원장,2025-02-09,11811.0,7443.0,180.0
2047525.0,국정원장,2025-02-10,12802.0,15571.0,180.0
2047525.0,국정원장,2025-02-11,13800.0,23766.0,180.0
2047525.0,국정원장,2025-02-12,14671.0,30699.0,180.0
2047525.0,국정원장,2025-02-13,15560.0,37804.0,180.0
2047525.0,국정원장,2025-02-14,16478.0,45202.0,180.0
2047525.0,국정원장,2025-02-15,17347,52103,180
1581287.0,네부,2025-02-08,10567.0,0.0,0
1581287.0,네부,2025-02-09,11564.0,8191.0,180.0
1581287.0,네부,2025-02-10,12617.0,16935.0,180.0
1581287.0,네부,2025-02-11,13733.0,26312.0,180.0
1581287.0,네부,2025-02-12,14694.0,34127.0,180.0
1581287.0,네부,2025-02-13,15775.0,43150.0,180.0
1581287.0,네부,2025-02-14,16936.0,52975.0,180.0
1581287.0,네부,2025-02-15,18049,62320,180
426187.0,지휘관(빨댕이),2025-02-08,7350.0,0.0,0
426187.0,지휘관(빨댕이),2025-02-09,8071.0,5425.0,180.0
426187.0,지휘관(빨댕이),2025-02-10,8866.0,11593.0,180.0
426187.0,지휘관(빨댕이),2025-02-11,9743.0,18575.0,180.0
426187.0,지휘관(빨댕이),2025-02-12,10326.0,22909.0,150.0
426187.0,지휘관(빨댕이),2025-02-13,10918.0,27338.0,150.0
426187.0,지휘관(빨댕이),2025-02-14,11594.0,32608.0,150.0
426187.0,지휘관(빨댕이),2025-02-15,12209,37268,150
11840.0,나,2025-02-08,7507.0,0.0,0
11840.0,나,2025-02-09,8093.0,4390.0,150.0
11840.0,나,2025-02-10,8704.0,9012.0,150.0
11840.0,나,2025-02-11,9334.0,13821.0,150.0
11840.0,나,2025-02-12,9907.0,18062.0,150.0
11840.0,나,2025-02-13,10447.0,21977.0,150.0
11840.0,나,2025-02-14,11149.0,27514.0,150.0
11840.0,나,2025-02-15,11766,32185,150
41958.0,파아란,2025-02-08,0.0,0.0,0
41958.0,파아란,2025-02-09,587.0,4383.0,150.0
41958.0,파아란,2025-02-10,1187.0,8896.0,150.0
41958.0,파아란,2025-02-11,1829.0,13823.0,150.0
41958.0,파아란,2025-02-12,2487.0,18914.0,150.0
41958.0,파아란,2025-02-13,3146.0,24021.0,150.0
41958.0,파아란,2025-02-14,3751.0,28572.0,150.0
41958.0,파아란,2025-02-15,4419,33759,150
1241905.0,직원A,2025-02-08,4920.0,0.0,0
1241905.0,직원A,2025-02-09,5916.0,8171.0,180.0
1241905.0,직원A,2025-02-10,6852.0,15747.0,180.0
1241905.0,직원A,2025-02-11,7873.0,24167.0,180.0
1241905.0,직원A,2025-02-12,8850.0,32151.0,180.0
1241905.0,직원A,2025-02-13,9907.0,40944.0,180.0
1241905.0,직원A,2025-02-14,10894.0,49034.0,180.0
1241905.0,직원A,2025-02-15,11930,57607,180
278406.0,델타,2025-02-08,7350.0,0.0,0
278406.0,델타,2025-02-09,7921.0,4221.0,150.0
278406.0,델타,2025-02-10,8539.0,8917.0,150.0
278406.0,델타,2025-02-11,9160.0,13637.0,150.0
278406.0,델타,2025-02-12,9761.0,18157.0,150.0
278406.0,델타,2025-02-13,10380.0,22853.0,150.0
278406.0,델타,2025-02-14,11044.0,28002.0,150.0
278406.0,델타,2025-02-15,11671,32779,150
17812.0,Ailless,2025-02-08,6360.0,0.0,0
17812.0,Ailless,2025-02-09,6917.0,3778.0,180.0
17812.0,Ailless,2025-02-10,7703.0,9854.0,180.0
17812.0,Ailless,2025-02-11,8637.0,17412.0,180.0
17812.0,Ailless,2025-02-12,9489.0,24149.0,180.0
17812.0,Ailless,2025-02-13,10408.0,31555.0,180.0
17812.0,Ailless,2025-02-14,11338.0,39069.0,180.0
17812.0,Ailless,2025-02-15,12294,46843,180
105215.0,달려,2025-02-08,8693.0,0.0,0
105215.0,달려,2025-02-09,9665.0,7922.0,180.0
105215.0,달려,2025-02-10,10643.0,15922.0,180.0
105215.0,달려,2025-02-11,11354.0,21543.0,150.0
105215.0,달려,2025-02-12,12034.0,26850.0,150.0
105215.0,달려,2025-02-13,12684.0,31860.0,150.0
105215.0,달려,2025-02-14,13553.0,39061.0,150.0
105215.0,달려,2025-02-15,14268,44714,150
1192758.0,CHECHE,2025-02-08,8180.0,0.0,0
1192758.0,CHECHE,2025-02-09,8770.0,4111.0,180.0
1192758.0,CHECHE,2025-02-10,9414.0,8796.0,180.0
1192758.0,CHECHE,2025-02-11,10085.0,13700.0,180.0
1192758.0,CHECHE,2025-02-12,10724.0,18303.0,180.0
1192758.0,CHECHE,2025-02-13,11382.0,23103.0,180.0
1192758.0,CHECHE,2025-02-14,12091.0,28410.0,180.0
1192758.0,CHECHE,2025-02-15,12750,33209,180
630222.0,지히간,2025-02-08,5440.0,0.0,0
630222.0,지히간,2025-02-09,6370.0,7510.0,180.0
630222.0,지히간,2025-02-10,7079.0,13104.0,150.0
630222.0,지히간,2025-02-11,8150.0,22024.0,180.0
630222.0,지히간,2025-02-12,8920.0,28238.0,150.0
630222.0,지히간,2025-02-13,9711.0,34657.0,150.0
630222.0,지히간,2025-02-14,10496.0,41012.0,150.0
630222.0,지히간,2025-02-15,11288,47434,150
176619.0,Blue37,2025-02-08,7460.0,0.0,0
176619.0,Blue37,2025-02-09,7940.0,3310.0,150.0
176619.0,Blue37,2025-02-10,8428.0,6694.0,150.0
176619.0,Blue37,2025-02-11,8954.0,10457.0,150.0
176619.0,Blue37,2025-02-12,9475.0,14172.0,150.0
176619.0,Blue37,2025-02-13,10019.0,18125.0,150.0
176619.0,Blue37,2025-02-14,10809.0,24242.0,180.0
176619.0,Blue37,2025-02-15,11338,28040,150
12857.0,지휘관(수오미),2025-02-08,7366.0,0.0,0
12857.0,지휘관(수오미),2025-02-09,8130.0,6150.0,150.0
12857.0,지휘관(수오미),2025-02-10,8898.0,12338.0,150.0
12857.0,지휘관(수오미),2025-02-11,9652.0,18385.0,150.0
12857.0,지휘관(수오미),2025-02-12,10444.0,24816.0,150.0
12857.0,지휘관(수오미),2025-02-13,11232.0,31198.0,150.0
12857.0,지휘관(수오미),2025-02-14,12004.0,37426.0,150.0
12857.0,지휘관(수오미),2025-02-15,12788,43780,150
481782.0,그릴롤,2025-02-08,630.0,0.0,0
481782.0,그릴롤,2025-02-09,1373.0,5946.0,150.0
481782.0,그릴롤,2025-02-10,2103.0,11750.0,150.0
481782.0,그릴롤,2025-02-11,2858.0,17800.0,150.0
481782.0,그릴롤,2025-02-12,3592.0,23651.0,150.0
481782.0,그릴롤,2025-02-13,4287.0,29105.0,150.0
481782.0,그릴롤,2025-02-14,5019.0,34932.0,150.0
481782.0,그릴롤,2025-02-15,5727,40520,150
208728.0,운요,2025-02-08,540.0,0.0,0
208728.0,운요,2025-02-09,1355.0,6659.0,150.0
208728.0,운요,2025-02-10,2184.0,13458.0,150.0
208728.0,운요,2025-02-11,3019.0,20321.0,150.0
208728.0,운요,2025-02-12,3863.0,27270.0,150.0
208728.0,운요,2025-02-13,4671.0,33854.0,150.0
208728.0,운요,2025-02-14,5543.0,41086.0,150.0
208728.0,운요,2025-02-15,6382,47975,150
372401.0,더브리,2025-03-01,21466.0,0.0,0
372401.0,더브리,2025-03-02,22706,10611,180
372401.0,더브리,2025-03-03,23890.0,20668.0,180.0
372401.0,더브리,2025-03-04,25138.0,31361.0,180.0
372401.0,더브리,2025-03-05,26274.0,40930.0,180.0
372401.0,더브리,2025-03-06,27537.0,51774.0,180.0
372401.0,더브리,2025-03-07,28811,62738,180
372401.0,더브리,2025-03-08,30038.0,73223.0,180.0
410091.0,시스,2025-03-01,20745.0,0.0,0
410091.0,시스,2025-03-02,21861,9379,180
410091.0,시스,2025-03-03,22983.0,18822.0,180.0
410091.0,시스,2025-03-04,24164.0,28840.0,180.0
410091.0,시스,2025-03-05,25279.0,38210.0,180.0
410091.0,시스,2025-03-06,26490.0,48533.0,180.0
410091.0,시스,2025-03-07,27694,58792,180
410091.0,시스,2025-03-08,28878.0,68846.0,180.0
502910.0,이유식실장기원,2025-03-01,15011.0,0.0,0
502910.0,이유식실장기원,2025-03-02,16032,8426,180
502910.0,이유식실장기원,2025-03-03,17052.0,16846.0,180.0
502910.0,이유식실장기원,2025-03-04,18067.0,25206.0,180.0
502910.0,이유식실장기원,2025-03-05,19104.0,33782.0,180.0
502910.0,이유식실장기원,2025-03-06,20155.0,42500.0,180.0
502910.0,이유식실장기원,2025-03-07,21226,51429,180
502910.0,이유식실장기원,2025-03-08,22303.0,60411.0,180.0
13733.0,Syrup,2025-03-01,20194.0,0.0,0
13733.0,Syrup,2025-03-02,21272,8997,180
13733.0,Syrup,2025-03-03,22315.0,17637.0,180.0
13733.0,Syrup,2025-03-04,23482.0,27521.0,180.0
13733.0,Syrup,2025-03-05,24580.0,36719.0,180.0
13733.0,Syrup,2025-03-06,25756.0,46699.0,180.0
13733.0,Syrup,2025-03-07,26914,56495,180
13733.0,Syrup,2025-03-08,28071.0,66282.0,180.0
31979.0,verpivia,2025-03-01,19713.0,0.0,0
31979.0,verpivia,2025-03-02,20754,8622,180
31979.0,verpivia,2025-03-03,21839.0,17688.0,180.0
31979.0,verpivia,2025-03-04,22917.0,26686.0,180.0
31979.0,verpivia,2025-03-05,24008.0,35807.0,180.0
31979.0,verpivia,2025-03-06,25143.0,45366.0,180.0
31979.0,verpivia,2025-03-07,26290,55051,180
31979.0,verpivia,2025-03-08,27396.0,64322.0,180.0
34885.0,Bigfish,2025-03-01,16248.0,0.0,0
34885.0,Bigfish,2025-03-02,17296,8681,180
34885.0,Bigfish,2025-03-03,18319.0,17130.0,180.0
34885.0,Bigfish,2025-03-04,19360.0,25750.0,180.0
34885.0,Bigfish,2025-03-05,20388.0,34242.0,180.0
34885.0,Bigfish,2025-03-06,21446.0,43031.0,180.0
34885.0,Bigfish,2025-03-07,22518,51966,180
34885.0,Bigfish,2025-03-08,23550.0,60505.0,180.0
283659.0,리아,2025-03-01,12458.0,0.0,0
283659.0,리아,2025-03-02,13317,6801,180
283659.0,리아,2025-03-03,14173.0,13576.0,180.0
283659.0,리아,2025-03-04,15004.0,20102.0,180.0
283659.0,리아,2025-03-05,15785.0,26124.0,180.0
283659.0,리아,2025-03-06,16628.0,32765.0,180.0
283659.0,리아,2025-03-07,17474,39437,180
283659.0,리아,2025-03-08,18398.0,46890.0,180.0
762070.0,냐옹아울어바,2025-03-01,17934.0,0.0,0
762070.0,냐옹아울어바,2025-03-02,18906,8337,140
762070.0,냐옹아울어바,2025-03-03,19901.0,16499.0,180.0
762070.0,냐옹아울어바,2025-03-04,20909.0,24785.0,180.0
762070.0,냐옹아울어바,2025-03-05,21873.0,32637.0,180.0
762070.0,냐옹아울어바,2025-03-06,22876.0,40875.0,180.0
762070.0,냐옹아울어바,2025-03-07,23922,49555,180
762070.0,냐옹아울어바,2025-03-08,24938.0,57926.0,180.0
576867.0,붉은황새,2025-03-01,7319.0,0.0,0
576867.0,붉은황새,2025-03-02,8219,7207,180
576867.0,붉은황새,2025-03-03,9099.0,14219.0,180.0
576867.0,붉은황새,2025-03-04,10040.0,21846.0,180.0
576867.0,붉은황새,2025-03-05,10930.0,28954.0,180.0
576867.0,붉은황새,2025-03-06,11872.0,36575.0,180.0
576867.0,붉은황새,2025-03-07,12832,44381,180
576867.0,붉은황새,2025-03-08,13742.0,51701.0,180.0
1861815.0,프리렌,2025-03-01,9095.0,0.0,0
1861815.0,프리렌,2025-03-02,10199,9244,180
1861815.0,프리렌,2025-03-03,11274.0,18216.0,180.0
1861815.0,프리렌,2025-03-04,12358.0,27268.0,180.0
1861815.0,프리렌,2025-03-05,13468.0,36587.0,180.0
1861815.0,프리렌,2025-03-06,14614.0,46258.0,180.0
1861815.0,프리렌,2025-03-07,15781,56139,180
1861815.0,프리렌,2025-03-08,16932.0,65866.0,180.0
3155311.0,Ryngvi,2025-03-01,16567.0,0.0,0
3155311.0,Ryngvi,2025-03-02,17649,9035,180
3155311.0,Ryngvi,2025-03-03,18777.0,18522.0,180.0
3155311.0,Ryngvi,2025-03-04,19975.0,28709.0,180.0
3155311.0,Ryngvi,2025-03-05,21129.0,38465.0,180.0
3155311.0,Ryngvi,2025-03-06,22333.0,48722.0,180.0
3155311.0,Ryngvi,2025-03-07,23536,58957,180
3155311.0,Ryngvi,2025-03-08,24741.0,69215.0,180.0
1256692.0,LSUTIGERS,2025-03-01,15726.0,0.0,0
1256692.0,LSUTIGERS,2025-03-02,16643,7378,180
1256692.0,LSUTIGERS,2025-03-03,17577.0,14942.0,180.0
1256692.0,LSUTIGERS,2025-03-04,18562.0,23003.0,180.0
1256692.0,LSUTIGERS,2025-03-05,19503.0,30630.0,180.0
1256692.0,LSUTIGERS,2025-03-06,20496.0,38772.0,180.0
1256692.0,LSUTIGERS,2025-03-07,21474,46767,180
1256692.0,LSUTIGERS,2025-03-08,22437.0,54610.0,180.0
94359.0,0노엘0,2025-03-01,16783.0,0.0,0
94359.0,0노엘0,2025-03-02,17781,8194,180
94359.0,0노엘0,2025-03-03,18776.0,16361.0,180.0
94359.0,0노엘0,2025-03-04,19838.0,25203.0,180.0
94359.0,0노엘0,2025-03-05,20622.0,31549.0,150.0
94359.0,0노엘0,2025-03-06,21668.0,40216.0,180.0
94359.0,0노엘0,2025-03-07,22746,49210,180
94359.0,0노엘0,2025-03-08,23773.0,57685.0,180.0
2281763.0,부굥,2025-03-01,8914.0,0.0,0
2281763.0,부굥,2025-03-02,9793,7006,180
2281763.0,부굥,2025-03-03,10746.0,14751.0,180.0
2281763.0,부굥,2025-03-04,11737.0,22866.0,180.0
2281763.0,부굥,2025-03-05,12663.0,30340.0,180.0
2281763.0,부굥,2025-03-06,13677.0,38687.0,180.0
2281763.0,부굥,2025-03-07,14674,46869,180
2281763.0,부굥,2025-03-08,15662.0,54965.0,180.0
2777044.0,노네임,2025-03-01,13080.0,0.0,0
2777044.0,노네임,2025-03-02,14012,7534,180
2777044.0,노네임,2025-03-03,14903.0,14649.0,180.0
2777044.0,노네임,2025-03-04,15848.0,22303.0,180.0
2777044.0,노네임,2025-03-05,16742.0,29452.0,180.0
2777044.0,노네임,2025-03-06,17728.0,37524.0,180.0
2777044.0,노네임,2025-03-07,18729,45744,180
2777044.0,노네임,2025-03-08,19683.0,53490.0,180.0
11504.0,베오바흐터,2025-03-01,13333.0,0.0,0
11504.0,베오바흐터,2025-03-02,14075,5631,180
11504.0,베오바흐터,2025-03-03,14826.0,11351.0,180.0
11504.0,베오바흐터,2025-03-04,15612.0,17429.0,180.0
11504.0,베오바흐터,2025-03-05,16383.0,23347.0,180.0
11504.0,베오바흐터,2025-03-06,17169.0,29417.0,180.0
11504.0,베오바흐터,2025-03-07,18041,36344,180
11504.0,베오바흐터,2025-03-08,18867.0,42816.0,180.0
10495.0,아리아,2025-03-01,5996.0,0.0,0
10495.0,아리아,2025-03-02,6791,6163,180
10495.0,아리아,2025-03-03,7749.0,13962.0,180.0
10495.0,아리아,2025-03-04,8693.0,21621.0,180.0
10495.0,아리아,2025-03-05,9652.0,29424.0,180.0
10495.0,아리아,2025-03-06,10657.0,37680.0,180.0
10495.0,아리아,2025-03-07,11669,46005,180
10495.0,아리아,2025-03-08,12644.0,53958.0,180.0
1914746.0,붕어빵,2025-03-01,1080.0,0.0,0
1914746.0,붕어빵,2025-03-02,2068,8097,180
1914746.0,붕어빵,2025-03-03,3160.0,17231.0,180.0
1914746.0,붕어빵,2025-03-04,4298.0,26824.0,180.0
1914746.0,붕어빵,2025-03-05,5442.0,36484.0,180.0
1914746.0,붕어빵,2025-03-06,6635.0,46633.0,180.0
1914746.0,붕어빵,2025-03-07,7844,56935,180
1914746.0,붕어빵,2025-03-08,8997.0,66679.0,180.0
285247.0,야임,2025-03-01,14816.0,0.0,0
285247.0,야임,2025-03-02,15723,7286,180
285247.0,야임,2025-03-03,16595.0,14222.0,180.0
285247.0,야임,2025-03-04,17580.0,22285.0,180.0
285247.0,야임,2025-03-05,18506.0,29756.0,180.0
285247.0,야임,2025-03-06,19488.0,37786.0,180.0
285247.0,야임,2025-03-07,20492,46032,180
285247.0,야임,2025-03-08,21438.0,53706.0,180.0
2047525.0,국정원장,2025-03-01,18607.0,0.0,0
2047525.0,국정원장,2025-03-02,19595,8095,180
2047525.0,국정원장,2025-03-03,20571.0,16073.0,180.0
2047525.0,국정원장,2025-03-04,21640.0,24983.0,180.0
2047525.0,국정원장,2025-03-05,22628.0,33076.0,180.0
2047525.0,국정원장,2025-03-06,23679.0,41800.0,180.0
2047525.0,국정원장,2025-03-07,24783,51061,180
2047525.0,국정원장,2025-03-08,25810.0,59551.0,180.0
1581287.0,네부,2025-03-01,19309.0,0.0,0
1581287.0,네부,2025-03-02,20357,8696,180
1581287.0,네부,2025-03-03,21466.0,17994.0,180.0
1581287.0,네부,2025-03-04,22592.0,27458.0,180.0
1581287.0,네부,2025-03-05,23697.0,36712.0,180.0
1581287.0,네부,2025-03-06,24829.0,46249.0,180.0
1581287.0,네부,2025-03-07,25997,56147,180
1581287.0,네부,2025-03-08,27141.0,65802.0,180.0
426187.0,지휘관(빨댕이),2025-03-01,13469.0,0.0,0
426187.0,지휘관(빨댕이),2025-03-02,14253,6049,180
426187.0,지휘관(빨댕이),2025-03-03,15016.0,11887.0,180.0
426187.0,지휘관(빨댕이),2025-03-04,15881.0,18746.0,180.0
426187.0,지휘관(빨댕이),2025-03-05,16700.0,25154.0,180.0
426187.0,지휘관(빨댕이),2025-03-06,17506.0,31427.0,180.0
426187.0,지휘관(빨댕이),2025-03-07,18358,38158,180
426187.0,지휘관(빨댕이),2025-03-08,19197.0,44764.0,180.0
11840.0,나,2025-03-01,13026.0,0.0,0
11840.0,나,2025-03-02,13848,6433,180
11840.0,나,2025-03-03,14643.0,12593.0,180.0
11840.0,나,2025-03-04,15460.0,18974.0,180.0
11840.0,나,2025-03-05,16247.0,25061.0,180.0
11840.0,나,2025-03-06,17069.0,31495.0,180.0
11840.0,나,2025-03-07,17939,38410,180
11840.0,나,2025-03-08,18784.0,45077.0,180.0
41958.0,파아란,2025-03-01,5679.0,0.0,0
41958.0,파아란,2025-03-02,6593,7352,180
41958.0,파아란,2025-03-03,7471.0,14349.0,180.0
41958.0,파아란,2025-03-04,8432.0,22171.0,180.0
41958.0,파아란,2025-03-05,9336.0,29418.0,180.0
41958.0,파아란,2025-03-06,10318.0,37458.0,180.0
41958.0,파아란,2025-03-07,11308,45565,180
41958.0,파아란,2025-03-08,12253.0,53222.0,180.0
1241905.0,직원A,2025-03-01,13190.0,0.0,0
1241905.0,직원A,2025-03-02,14155,7867,180
1241905.0,직원A,2025-03-03,15149.0,16026.0,180.0
1241905.0,직원A,2025-03-04,16149.0,24234.0,180.0
1241905.0,직원A,2025-03-05,16565.0,27199.0,120.0
1241905.0,직원A,2025-03-06,17558.0,35344.0,180.0
1241905.0,직원A,2025-03-07,18594,43919,180
1241905.0,직원A,2025-03-08,19575.0,51943.0,180.0
278406.0,델타,2025-03-01,12931.0,0.0,0
278406.0,델타,2025-03-02,13463,3837,150
278406.0,델타,2025-03-03,14342.0,10844.0,180.0
278406.0,델타,2025-03-04,15225.0,17886.0,180.0
278406.0,델타,2025-03-05,16105.0,24899.0,180.0
278406.0,델타,2025-03-06,17075.0,32813.0,180.0
278406.0,델타,2025-03-07,18008,40354,180
278406.0,델타,2025-03-08,18969.0,48186.0,180.0
17812.0,Ailless,2025-03-01,13554.0,0.0,0
17812.0,Ailless,2025-03-02,14501,7686,180
17812.0,Ailless,2025-03-03,15493.0,15819.0,180.0
17812.0,Ailless,2025-03-04,16563.0,24727.0,180.0
17812.0,Ailless,2025-03-05,17563.0,32938.0,180.0
17812.0,Ailless,2025-03-06,18582.0,41342.0,180.0
17812.0,Ailless,2025-03-07,19646,50197,180
17812.0,Ailless,2025-03-08,20691.0,58858.0,180.0
105215.0,달려,2025-03-01,15528.0,0.0,0
105215.0,달려,2025-03-02,16449,7423,180
105215.0,달려,2025-03-03,17416.0,15313.0,180.0
105215.0,달려,2025-03-04,18413.0,23500.0,180.0
105215.0,달려,2025-03-05,19365.0,31228.0,180.0
105215.0,달려,2025-03-06,20327.0,39064.0,180.0
105215.0,달려,2025-03-07,21368,47680,180
105215.0,달려,2025-03-08,22394.0,56151.0,180.0
1192758.0,CHECHE,2025-03-01,14010.0,0.0,0
1192758.0,CHECHE,2025-03-02,14646,4570,180
1192758.0,CHECHE,2025-03-03,15222.0,8543.0,180.0
1192758.0,CHECHE,2025-03-04,15885.0,13395.0,180.0
1192758.0,CHECHE,2025-03-05,16504.0,17790.0,180.0
1192758.0,CHECHE,2025-03-06,17215.0,23111.0,180.0
1192758.0,CHECHE,2025-03-07,17854,27718,180
1192758.0,CHECHE,2025-03-08,18512.0,0.0,3430.0
630222.0,지히간,2025-03-01,12548.0,0.0,0
630222.0,지히간,2025-03-02,13323,6261,150
630222.0,지히간,2025-03-03,14308.0,14334.0,180.0
630222.0,지히간,2025-03-04,15304.0,22508.0,180.0
630222.0,지히간,2025-03-05,16280.0,30478.0,180.0
630222.0,지히간,2025-03-06,17278.0,38681.0,180.0
630222.0,지히간,2025-03-07,18308,47190,180
630222.0,지히간,2025-03-08,19314.0,55451.0,180.0
188608.0,설윤,2025-03-01,1170.0,0.0,0
188608.0,설윤,2025-03-02,2169,8203,180
188608.0,설윤,2025-03-03,3171.0,16431.0,180.0
188608.0,설윤,2025-03-04,4235.0,25278.0,180.0
188608.0,설윤,2025-03-05,5244.0,33587.0,180.0
188608.0,설윤,2025-03-06,6320.0,42556.0,180.0
188608.0,설윤,2025-03-07,7430,51873,180
188608.0,설윤,2025-03-08,8449.0,60276.0,180.0
12857.0,지휘관(수오미),2025-03-01,14048.0,0.0,0
12857.0,지휘관(수오미),2025-03-02,14832,6350,150
12857.0,지휘관(수오미),2025-03-03,15567.0,12204.0,150.0
12857.0,지휘관(수오미),2025-03-04,16330.0,18346.0,150.0
12857.0,지휘관(수오미),2025-03-05,17053.0,24089.0,150.0
12857.0,지휘관(수오미),2025-03-06,17797.0,30043.0,150.0
12857.0,지휘관(수오미),2025-03-07,18550,36082,150
12857.0,지휘관(수오미),2025-03-08,19348.0,0.0,4410.0
481782.0,그릴롤,2025-03-01,6987.0,0.0,0
481782.0,그릴롤,2025-03-02,7982,8152,180
481782.0,그릴롤,2025-03-03,8994.0,16493.0,180.0
481782.0,그릴롤,2025-03-04,10110.0,25870.0,180.0
481782.0,그릴롤,2025-03-05,11140.0,34382.0,180.0
481782.0,그릴롤,2025-03-06,12244.0,43640.0,180.0
481782.0,그릴롤,2025-03-07,13397,53386,180
481782.0,그릴롤,2025-03-08,14489.0,62516.0,180.0
208728.0,운요,2025-03-01,7642.0,0.0,0
208728.0,운요,2025-03-02,8676,8555,180
208728.0,운요,2025-03-03,9727.0,17283.0,180.0
208728.0,운요,2025-03-04,10928.0,27505.0,180.0
208728.0,운요,2025-03-05,12069.0,37127.0,180.0
208728.0,운요,2025-03-06,13257.0,47219.0,180.0
208728.0,운요,2025-03-07,14466,57517,180
208728.0,운요,2025-03-08,15625.0,67326.0,180.0
372401.0,더브리,2025-03-22,31298.0,0.0,0
372401.0,더브리,2025-03-23,32813,13362,180
372401.0,더브리,2025-03-24,34333,26784,180
372401.0,더브리,2025-03-25,35886,40532,180
372401.0,더브리,2025-03-26,37443,54311,180
372401.0,더브리,2025-03-27,38986,67946,180
372401.0,더브리,2025-03-28,40542,81715,180
372401.0,더브리,2025-03-29,41635.0,91158.0,150.0
410091.0,시스,2025-03-22,30138.0,0.0,0
410091.0,시스,2025-03-23,31623,13062,180
410091.0,시스,2025-03-24,33122,26273,180
410091.0,시스,2025-03-25,34608,39344,180
410091.0,시스,2025-03-26,36115,52632,180
410091.0,시스,2025-03-27,37633,66034,180
410091.0,시스,2025-03-28,39166,79574,180
410091.0,시스,2025-03-29,40831.0,93549.0,270.0
502910.0,이유식실장기원,2025-03-22,23563.0,0.0,0
502910.0,이유식실장기원,2025-03-23,25005,12633,180
502910.0,이유식실장기원,2025-03-24,26495,25737,180
502910.0,이유식실장기원,2025-03-25,27995,38952,180
502910.0,이유식실장기원,2025-03-26,29477,51993,180
502910.0,이유식실장기원,2025-03-27,30972,65156,180
502910.0,이유식실장기원,2025-03-28,32459,78241,180
502910.0,이유식실장기원,2025-03-29,34000.0,91857.0,180.0
13733.0,Syrup,2025-03-22,29331.0,0.0,0
13733.0,Syrup,2025-03-23,30751,12412,180
13733.0,Syrup,2025-03-24,32227,25380,180
13733.0,Syrup,2025-03-25,33252,34142,150
13733.0,Syrup,2025-03-26,34263,42764,150
13733.0,Syrup,2025-03-27,35278,51423,150
13733.0,Syrup,2025-03-28,36301,60169,150
13733.0,Syrup,2025-03-29,37322.0,68888.0,150.0
31979.0,verpivia,2025-03-22,28656.0,0.0,0
31979.0,verpivia,2025-03-23,30118,12826,180
31979.0,verpivia,2025-03-24,31601,25871,180
31979.0,verpivia,2025-03-25,33096,39040,180
31979.0,verpivia,2025-03-26,34587,52158,180
31979.0,verpivia,2025-03-27,36073,65229,180
31979.0,verpivia,2025-03-28,37564,78353,180
31979.0,verpivia,2025-03-29,39122.0,92156.0,180.0
34885.0,Bigfish,2025-03-22,24810.0,0.0,0
34885.0,Bigfish,2025-03-23,25841,8833,150
34885.0,Bigfish,2025-03-24,26882,17749,150
34885.0,Bigfish,2025-03-25,27933,26772,150
34885.0,Bigfish,2025-03-26,28963,35576,150
34885.0,Bigfish,2025-03-27,29997,44426,150
34885.0,Bigfish,2025-03-28,31056,53521,150
34885.0,Bigfish,2025-03-29,32125.0,62728.0,150.0
283659.0,리아,2025-03-22,19658.0,0.0,0
283659.0,리아,2025-03-23,20581,7735,150
283659.0,리아,2025-03-24,21453,14973,150
283659.0,리아,2025-03-25,22311,22053,150
283659.0,리아,2025-03-26,23176,29207,150
283659.0,리아,2025-03-27,24032,36276,150
283659.0,리아,2025-03-28,24894,43407,150
283659.0,리아,2025-03-29,25826.0,51233.0,150.0
58406.0,지휘관(흥국),2025-03-22,140.0,0.0,0
58406.0,지휘관(흥국),2025-03-23,969,6794,150
58406.0,지휘관(흥국),2025-03-24,1784,13458,150
58406.0,지휘관(흥국),2025-03-25,2757,21695,150
58406.0,지휘관(흥국),2025-03-26,3735,29979,150
58406.0,지휘관(흥국),2025-03-27,4717,38309,150
58406.0,지휘관(흥국),2025-03-28,5699,46636,150
58406.0,지휘관(흥국),2025-03-29,6713.0,55289.0,150.0
576867.0,붉은황새,2025-03-22,15002.0,0.0,0
576867.0,붉은황새,2025-03-23,16336,11558,180
576867.0,붉은황새,2025-03-24,17758,23986,180
576867.0,붉은황새,2025-03-25,18774,32653,150
576867.0,붉은황새,2025-03-26,20196,45088,180
576867.0,붉은황새,2025-03-27,21611,57444,180
576867.0,붉은황새,2025-03-28,23031,69865,180
576867.0,붉은황새,2025-03-29,24520.0,82969.0,180.0
20810.0,지휘관(수오미),2025-03-22,630.0,0.0,0
20810.0,지휘관(수오미),2025-03-23,2041,12332,180
20810.0,지휘관(수오미),2025-03-24,3467,24805,180
20810.0,지휘관(수오미),2025-03-25,4907,37414,180
20810.0,지휘관(수오미),2025-03-26,6333,49894,180
20810.0,지휘관(수오미),2025-03-27,7758,62364,180
20810.0,지휘관(수오미),2025-03-28,9207,75100,180
20810.0,지휘관(수오미),2025-03-29,10649.0,87713.0,180.0
3155311.0,Ryngvi,2025-03-22,26001.0,0.0,0
3155311.0,Ryngvi,2025-03-23,27446,12661,180
3155311.0,Ryngvi,2025-03-24,28912,25531,180
3155311.0,Ryngvi,2025-03-25,29951,34435,150
3155311.0,Ryngvi,2025-03-26,30984,43269,150
3155311.0,Ryngvi,2025-03-27,32014,52076,150
3155311.0,Ryngvi,2025-03-28,33041,60860,150
3155311.0,Ryngvi,2025-03-29,34096.0,69924.0,150.0
2131202.0,체다치즈,2025-03-22,630.0,0.0,0
2131202.0,체다치즈,2025-03-23,1625,8465,150
2131202.0,체다치즈,2025-03-24,2619,16915,150
2131202.0,체다치즈,2025-03-25,3628,25514,150
2131202.0,체다치즈,2025-03-26,4623,33979,150
2131202.0,체다치즈,2025-03-27,5625,42506,150
2131202.0,체다치즈,2025-03-28,7098,55447,180
2131202.0,체다치즈,2025-03-29,7633.0,59597.0,120.0
94359.0,0노엘0,2025-03-22,25033.0,0.0,0
94359.0,0노엘0,2025-03-23,26488,12755,180
94359.0,0노엘0,2025-03-24,27976,25844,180
94359.0,0노엘0,2025-03-25,29464,38934,180
94359.0,0노엘0,2025-03-26,30937,51882,180
94359.0,0노엘0,2025-03-27,32412,64846,180
94359.0,0노엘0,2025-03-28,33896,77898,180
94359.0,0노엘0,2025-03-29,34959.0,87041.0,150.0
2281763.0,부굥,2025-03-22,16842.0,0.0,0
2281763.0,부굥,2025-03-23,18289,12680,180
2281763.0,부굥,2025-03-24,19749,25486,180
2281763.0,부굥,2025-03-25,21227,38482,180
2281763.0,부굥,2025-03-26,22697,51402,180
2281763.0,부굥,2025-03-27,24175,64395,180
2281763.0,부굥,2025-03-28,25694,77798,180
2281763.0,부굥,2025-03-29,27247.0,91542.0,180.0
2777044.0,노네임,2025-03-22,20853.0,0.0,0
2777044.0,노네임,2025-03-23,21803,8013,150
2777044.0,노네임,2025-03-24,22785,16341,150
2777044.0,노네임,2025-03-25,23777,24764,150
2777044.0,노네임,2025-03-26,24748,32981,150
2777044.0,노네임,2025-03-27,25733,41342,150
2777044.0,노네임,2025-03-28,26735,49876,150
2777044.0,노네임,2025-03-29,27750.0,58536.0,150.0
11504.0,베오바흐터,2025-03-22,20127.0,0.0,0
11504.0,베오바흐터,2025-03-23,21040,7635,150
11504.0,베오바흐터,2025-03-24,22011,15852,150
11504.0,베오바흐터,2025-03-25,23000,24257,150
11504.0,베오바흐터,2025-03-26,23975,32519,150
11504.0,베오바흐터,2025-03-27,24958,40858,150
11504.0,베오바흐터,2025-03-28,25942,49204,150
11504.0,베오바흐터,2025-03-29,26961.0,57901.0,150.0
10495.0,아리아,2025-03-22,13904.0,0.0,0
10495.0,아리아,2025-03-23,14887,8343,150
10495.0,아리아,2025-03-24,15884,16823,150
10495.0,아리아,2025-03-25,16871,25205,150
10495.0,아리아,2025-03-26,17864,33641,150
10495.0,아리아,2025-03-27,18862,42136,150
10495.0,아리아,2025-03-28,19882,50844,150
10495.0,아리아,2025-03-29,20926.0,59799.0,150.0
434634.0,SWPSR,2025-03-22,630.0,0.0,0
434634.0,SWPSR,2025-03-23,2047,12386,180
434634.0,SWPSR,2025-03-24,3487,24999,180
434634.0,SWPSR,2025-03-25,4942,37759,180
434634.0,SWPSR,2025-03-26,5498,42125,120
434634.0,SWPSR,2025-03-27,6948,54842,180
434634.0,SWPSR,2025-03-28,8416,67738,180
434634.0,SWPSR,2025-03-29,9468.0,76768.0,150.0
285247.0,야임,2025-03-22,22698.0,0.0,0
285247.0,야임,2025-03-23,23651,8037,150
285247.0,야임,2025-03-24,24554,15571,150
285247.0,야임,2025-03-25,25536,23909,150
285247.0,야임,2025-03-26,26514,32202,150
285247.0,야임,2025-03-27,27511,40674,150
285247.0,야임,2025-03-28,28494,49006,150
285247.0,야임,2025-03-29,29475.0,0,5880.0
2047525.0,국정원장,2025-03-22,27070.0,0.0,0
2047525.0,국정원장,2025-03-23,28079,8594,150
2047525.0,국정원장,2025-03-24,29529,21307,180
2047525.0,국정원장,2025-03-25,30556,30081,150
2047525.0,국정원장,2025-03-26,32005,42793,180
2047525.0,국정원장,2025-03-27,33008,51326,150
2047525.0,국정원장,2025-03-28,34470,64164,180
2047525.0,국정원장,2025-03-29,35937.0,77047.0,180.0
1581287.0,네부,2025-03-22,28401.0,0.0,0
1581287.0,네부,2025-03-23,29850,12697,180
1581287.0,네부,2025-03-24,31309,25494,180
1581287.0,네부,2025-03-25,32784,38456,180
1581287.0,네부,2025-03-26,34231,51148,180
1581287.0,네부,2025-03-27,35692,63977,180
1581287.0,네부,2025-03-28,37172,76983,180
1581287.0,네부,2025-03-29,38689.0,90361.0,180.0
426187.0,이라세오날,2025-03-22,180.0,0.0,0
426187.0,이라세오날,2025-03-23,1413,10542,180
426187.0,이라세오날,2025-03-24,2767,22295,180
426187.0,이라세오날,2025-03-25,4162,34462,180
426187.0,이라세오날,2025-03-26,5583,46885,180
426187.0,이라세오날,2025-03-27,6945,58723,180
426187.0,이라세오날,2025-03-28,8389,71378,180
426187.0,이라세오날,2025-03-29,9896.0,84657.0,180.0
11840.0,나,2025-03-22,20044.0,0.0,0
11840.0,나,2025-03-23,21009,8156,150
11840.0,나,2025-03-24,21994,16517,150
11840.0,나,2025-03-25,22979,24870,150
11840.0,나,2025-03-26,23960,33191,150
11840.0,나,2025-03-27,24903,41133,150
11840.0,나,2025-03-28,25896,49565,150
11840.0,나,2025-03-29,26874.0,57852.0,150.0
41958.0,파아란,2025-03-22,13513.0,0.0,0
41958.0,파아란,2025-03-23,14458,7963,150
41958.0,파아란,2025-03-24,15426,16158,150
41958.0,파아란,2025-03-25,16427,24673,150
41958.0,파아란,2025-03-26,17428,33192,150
41958.0,파아란,2025-03-27,18427,41696,150
41958.0,파아란,2025-03-28,19430,50232,150
41958.0,파아란,2025-03-29,20448.0,58922.0,150.0
1241905.0,직원A,2025-03-22,20835.0,0.0,0
1241905.0,직원A,2025-03-23,22257,12428,180
1241905.0,직원A,2025-03-24,23686,24929,180
1241905.0,직원A,2025-03-25,25118,37470,180
1241905.0,직원A,2025-03-26,26525,49755,180
1241905.0,직원A,2025-03-27,27970,62427,180
1241905.0,직원A,2025-03-28,29419,75126,180
1241905.0,직원A,2025-03-29,30925.0,88406.0,180.0
278406.0,델타,2025-03-22,20229.0,0.0,0
278406.0,델타,2025-03-23,21168,7902,150
278406.0,델타,2025-03-24,22145,16178,150
278406.0,델타,2025-03-25,23121,24445,150
278406.0,델타,2025-03-26,24091,32657,150
278406.0,델타,2025-03-27,25071,40971,150
278406.0,델타,2025-03-28,26065,49418,150
278406.0,델타,2025-03-29,27039.0,57673.0,150.0
17812.0,Ailless,2025-03-22,21951.0,0.0,0
17812.0,Ailless,2025-03-23,23392,12618,180
17812.0,Ailless,2025-03-24,24835,25258,180
17812.0,Ailless,2025-03-25,26219,37316,180
17812.0,Ailless,2025-03-26,27671,50046,180
17812.0,Ailless,2025-03-27,29124,62797,180
17812.0,Ailless,2025-03-28,30597,75731,180
17812.0,Ailless,2025-03-29,32104.0,89011.0,180.0
105215.0,달려,2025-03-22,23654.0,0.0,0
105215.0,달려,2025-03-23,24989,11562,180
105215.0,달려,2025-03-24,26015,20327,150
105215.0,달려,2025-03-25,27039,29079,150
105215.0,달려,2025-03-26,28050,37707,150
105215.0,달려,2025-03-27,29069,46401,150
105215.0,달려,2025-03-28,30096,55177,150
105215.0,달려,2025-03-29,31159.0,64318.0,150.0
2878570.0,Visara,2025-03-22,1170.0,0.0,0
2878570.0,Visara,2025-03-23,2621,12723,180
2878570.0,Visara,2025-03-24,4085,25573,180
2878570.0,Visara,2025-03-25,5559,38522,180
2878570.0,Visara,2025-03-26,7016,51314,180
2878570.0,Visara,2025-03-27,8488,64249,180
2878570.0,Visara,2025-03-28,9975,77338,180
2878570.0,Visara,2025-03-29,11503.0,90834.0,180.0
630222.0,지히간,2025-03-22,20574.0,0.0,0
630222.0,지히간,2025-03-23,21542,8188,150
630222.0,지히간,2025-03-24,22530,16576,150
630222.0,지히간,2025-03-25,23535,25132,150
630222.0,지히간,2025-03-26,24529,33574,150
630222.0,지히간,2025-03-27,25543,42222,150
630222.0,지히간,2025-03-28,26554,50842,150
630222.0,지히간,2025-03-29,27602.0,59832.0,150.0
188608.0,설윤,2025-03-22,9709.0,0.0,0
188608.0,설윤,2025-03-23,10729,8707,150
188608.0,설윤,2025-03-24,11756,17491,150
188608.0,설윤,2025-03-25,12790,26333,150
188608.0,설윤,2025-03-26,13817,35112,150
188608.0,설윤,2025-03-27,14851,43955,150
188608.0,설윤,2025-03-28,15890,52858,150
188608.0,설윤,2025-03-29,16955.0,62020.0,150.0
3192182.0,레티시어,2025-03-22,720.0,0.0,0
3192182.0,레티시어,2025-03-23,2101,12025,180
3192182.0,레티시어,2025-03-24,3457,23795,180
3192182.0,레티시어,2025-03-25,4881,36250,180
3192182.0,레티시어,2025-03-26,6288,48528,180
3192182.0,레티시어,2025-03-27,7700,60863,180
3192182.0,레티시어,2025-03-28,9130,73386,180
3192182.0,레티시어,2025-03-29,10605.0,86352.0,180.0
481782.0,그릴롤,2025-03-22,15749.0,0.0,0
481782.0,그릴롤,2025-03-23,17212,12831,180
481782.0,그릴롤,2025-03-24,18693,25848,180
481782.0,그릴롤,2025-03-25,20186,38993,180
481782.0,그릴롤,2025-03-26,21663,51967,180
481782.0,그릴롤,2025-03-27,23144,64999,180
481782.0,그릴롤,2025-03-28,24634,78116,180
481782.0,그릴롤,2025-03-29,26108.0,91074.0,180.0
208728.0,운요,2025-03-22,16885.0,0.0,0
208728.0,운요,2025-03-23,17928,8934,150
208728.0,운요,2025-03-24,18979,17953,150
208728.0,운요,2025-03-25,20039,27064,150
208728.0,운요,2025-03-26,21101,36187,150
208728.0,운요,2025-03-27,22175,45438,150
208728.0,운요,2025-03-28,23246,54656,150
208728.0,운요,2025-03-29,24337.0,64079.0,150.0
389157.0,페리,2025-03-22,810.0,0.0,0
389157.0,페리,2025-03-23,2251,12622,180
389157.0,페리,2025-03-24,3708,25403,180
389157.0,페리,2025-03-25,5198,38526,180
389157.0,페리,2025-03-26,6672,51482,180
389157.0,페리,2025-03-27,8159,64563,180
389157.0,페리,2025-03-28,9676,77947,180
389157.0,페리,2025-03-29,11238.0,91776.0,180.0
60896.0,몽별짱,2025-03-22,900.0,0.0,0
60896.0,몽별짱,2025-03-23,2329,12501,180
60896.0,몽별짱,2025-03-24,3340,21122,150
60896.0,몽별짱,2025-03-25,4357,29797,150
60896.0,몽별짱,2025-03-26,5359,38328,150
60896.0,몽별짱,2025-03-27,6365,46892,150
60896.0,몽별짱,2025-03-28,7823,59684,180
60896.0,몽별짱,2025-03-29,9327.0,72937.0,180.0
372401.0,더브리,2025-04-12,42895.0,0.0,0
372401.0,더브리,2025-04-13,44491.0,14187.0,180.0
372401.0,더브리,2025-04-14,46087,28374,180
372401.0,더브리,2025-04-15,47683,42561,180
372401.0,더브리,2025-04-16,49279,56748,180
410091.0,시스,2025-04-12,42091.0,0.0,0
410091.0,시스,2025-04-13,43667.0,13982.0,180.0
410091.0,시스,2025-04-14,45256,28085,180
410091.0,시스,2025-04-15,46848,42228,180
410091.0,시스,2025-04-16,48347,56340,90
502910.0,이유식실장기원,2025-04-12,35260.0,0.0,0
502910.0,이유식실장기원,2025-04-13,36825.0,13864.0,180.0
502910.0,이유식실장기원,2025-04-14,38407,27900,180
502910.0,이유식실장기원,2025-04-15,39985,41903,180
502910.0,이유식실장기원,2025-04-16,41554,55815,180
13733.0,Syrup,2025-04-12,38582.0,0.0,0
13733.0,Syrup,2025-04-13,40114.0,13541.0,180.0
13733.0,Syrup,2025-04-14,41658,27197,180
13733.0,Syrup,2025-04-15,43221,41047,180
13733.0,Syrup,2025-04-16,44762,54679,180
31979.0,verpivia,2025-04-12,40382.0,0.0,0
31979.0,verpivia,2025-04-13,41945.0,13850.0,180.0
31979.0,verpivia,2025-04-14,43516,27793,180
31979.0,verpivia,2025-04-15,45104,41893,180
31979.0,verpivia,2025-04-16,46692,55987,180
34885.0,Bigfish,2025-04-12,33385.0,0.0,0
34885.0,Bigfish,2025-04-13,34472.0,9404.0,150.0
34885.0,Bigfish,2025-04-14,35563,18808,150
34885.0,Bigfish,2025-04-15,36654,28221,150
34885.0,Bigfish,2025-04-16,37740,37586,150
283659.0,리아,2025-04-12,27086.0,0.0,0
283659.0,리아,2025-04-13,28007.0,7715.0,150.0
283659.0,리아,2025-04-14,28883,14990,150
283659.0,리아,2025-04-15,29771,22377,150
283659.0,리아,2025-04-16,30657,29745,150
58406.0,지휘관(흥국),2025-04-12,7973.0,0.0,0
58406.0,지휘관(흥국),2025-04-13,8962.0,8400.0,150.0
58406.0,지휘관(흥국),2025-04-14,10008,17765,110
58406.0,지휘관(흥국),2025-04-15,11053,26727,150
58406.0,지휘관(흥국),2025-04-16,12094,35650,150
576867.0,붉은황새,2025-04-12,25780.0,0.0,0
576867.0,붉은황새,2025-04-13,26842.0,9123.0,150.0
576867.0,붉은황새,2025-04-14,27910,18312,150
576867.0,붉은황새,2025-04-15,28972,27443,150
576867.0,붉은황새,2025-04-16,29062,27443,90
20810.0,지휘관(수오미),2025-04-12,11909.0,0.0,0
20810.0,지휘관(수오미),2025-04-13,13422.0,13340.0,180.0
20810.0,지휘관(수오미),2025-04-14,14933,26680,180
20810.0,지휘관(수오미),2025-04-15,16473,40299,180
20810.0,지휘관(수오미),2025-04-16,17994,53716,180
3155311.0,Ryngvi,2025-04-12,35356.0,0.0,0
3155311.0,Ryngvi,2025-04-13,36938.0,14050.0,180.0
3155311.0,Ryngvi,2025-04-14,38534,28224,180
3155311.0,Ryngvi,2025-04-15,40130,42409,180
3155311.0,Ryngvi,2025-04-16,42188,61239,180
2131202.0,체다치즈,2025-04-12,8893.0,0.0,0
2131202.0,체다치즈,2025-04-13,9964.0,9225.0,150.0
2131202.0,체다치즈,2025-04-14,11030,18401,150
2131202.0,체다치즈,2025-04-15,12110,27711,150
2131202.0,체다치즈,2025-04-16,13184,36967,150
94359.0,0노엘0,2025-04-12,36219.0,0.0,0
94359.0,0노엘0,2025-04-13,37294.0,9000.0,180.0
94359.0,0노엘0,2025-04-14,38857,23099,150
94359.0,0노엘0,2025-04-15,39951,32557,150
94359.0,0노엘0,2025-04-16,41512,46385,180
2281763.0,부굥,2025-04-12,28507.0,0.0,0
2281763.0,부굥,2025-04-13,30067.0,13817.0,180.0
2281763.0,부굥,2025-04-14,31639,27757,180
2281763.0,부굥,2025-04-15,33216,41752,180
2281763.0,부굥,2025-04-16,34775,55559,180
2777044.0,노네임,2025-04-12,29010.0,0.0,0
2777044.0,노네임,2025-04-13,30041.0,8824.0,150.0
2777044.0,노네임,2025-04-14,31026,17587,110
2777044.0,노네임,2025-04-15,32007,25900,150
2777044.0,노네임,2025-04-16,32950,33841,150
11504.0,베오바흐터,2025-04-12,28221.0,0.0,0
11504.0,베오바흐터,2025-04-13,29245.0,8720.5,150.0
11504.0,베오바흐터,2025-04-14,30264,17441,150
11504.0,베오바흐터,2025-04-15,31300,26312,150
11504.0,베오바흐터,2025-04-16,32315,34971,150
10495.0,아리아,2025-04-12,22186.0,0.0,0
10495.0,아리아,2025-04-13,23235.0,8997.0,150.0
10495.0,아리아,2025-04-14,24281,17967,150
10495.0,아리아,2025-04-15,25331,26973,150
10495.0,아리아,2025-04-16,26370,35879,150
434634.0,SWPSR,2025-04-12,10728.0,0.0,0
434634.0,SWPSR,2025-04-13,11778.0,9000.0,150.0
434634.0,SWPSR,2025-04-14,13324,22698,180
434634.0,SWPSR,2025-04-15,14886,36529,180
434634.0,SWPSR,2025-04-16,16438,50266,180
285247.0,야임,2025-04-12,30735.0,0.0,0
285247.0,야임,2025-04-13,31767.0,8800.0,150.0
285247.0,야임,2025-04-14,32815,17818,150
285247.0,야임,2025-04-15,33853,26703,150
285247.0,야임,2025-04-16,34889,35579,150
2047525.0,국정원장,2025-04-12,37197.0,0.0,0
2047525.0,국정원장,2025-04-13,38729.0,13534.0,180.0
2047525.0,국정원장,2025-04-14,40280,27259,180
2047525.0,국정원장,2025-04-15,41839,41060,180
2047525.0,국정원장,2025-04-16,43481,54793,270
1581287.0,네부,2025-04-12,39949.0,0.0,0
1581287.0,네부,2025-04-13,41495.0,13700.0,180.0
1581287.0,네부,2025-04-14,43069,27646,180
1581287.0,네부,2025-04-15,44647,41638,180
1581287.0,네부,2025-04-16,46212,55512,180
426187.0,이라세오날,2025-04-12,11156.0,0.0,0
426187.0,이라세오날,2025-04-13,12679.0,13450.0,180.0
426187.0,이라세오날,2025-04-14,14216,27031,180
426187.0,이라세오날,2025-04-15,15757,40661,180
426187.0,이라세오날,2025-04-16,17299,54300,180
11840.0,나,2025-04-12,28134.0,0.0,0
11840.0,나,2025-04-13,29172.0,8900.0,150.0
11840.0,나,2025-04-14,30223,17911,150
11840.0,나,2025-04-15,31268,26869,150
11840.0,나,2025-04-16,32310,35799,150
41958.0,파아란,2025-04-12,21708.0,0.0,0
41958.0,파아란,2025-04-13,21798.0,0.0,90.0
41958.0,파아란,2025-04-14,23282,13047,180
41958.0,파아란,2025-04-15,24775,26188,180
41958.0,파아란,2025-04-16,25828,35220,150
1241905.0,직원A,2025-04-12,32185.0,0.0,0
1241905.0,직원A,2025-04-13,33704.0,13408.0,180.0
1241905.0,직원A,2025-04-14,35232,26913,180
1241905.0,직원A,2025-04-15,36771,40516,180
1241905.0,직원A,2025-04-16,38302,54045,180
278406.0,델타,2025-04-12,28299.0,0.0,0
278406.0,델타,2025-04-13,29352.0,9000.0,150.0
278406.0,델타,2025-04-14,30433,18357,150
278406.0,델타,2025-04-15,31498,27517,150
278406.0,델타,2025-04-16,32566,36711,150
17812.0,Ailless,2025-04-12,33364.0,0.0,0
17812.0,Ailless,2025-04-13,34912.0,13695.0,180.0
17812.0,Ailless,2025-04-14,36441,27196,180
17812.0,Ailless,2025-04-15,38000,41008,180
17812.0,Ailless,2025-04-16,39537,54589,180
105215.0,달려,2025-04-12,32329.0,0.0,0
105215.0,달려,2025-04-13,33855.0,13470.0,180.0
105215.0,달려,2025-04-14,34906,22496,150
105215.0,달려,2025-04-15,34996,22496,90
105215.0,달려,2025-04-16,36535,36102,180
2878570.0,Visara,2025-04-12,12763.0,0.0,0
2878570.0,Visara,2025-04-13,14301.0,13600.0,180.0
2878570.0,Visara,2025-04-14,15853,27323,180
2878570.0,Visara,2025-04-15,17412,41121,180
2878570.0,Visara,2025-04-16,18973,54955,180
630222.0,지히간,2025-04-12,28862.0,0.0,0
630222.0,지히간,2025-04-13,29741.0,7301.0,150.0
630222.0,지히간,2025-04-14,30588,14276,150
630222.0,지히간,2025-04-15,31485,21747,150
630222.0,지히간,2025-04-16,31485,21747,0
188608.0,설윤,2025-04-12,18215.0,0.0,0
188608.0,설윤,2025-04-13,19290.0,9268.0,150.0
188608.0,설윤,2025-04-14,20365,18533,150
188608.0,설윤,2025-04-15,21454,27932,150
188608.0,설윤,2025-04-16,22527,37175,150
3192182.0,레티시어,2025-04-12,11865.0,0.0,0
3192182.0,레티시어,2025-04-13,13304.0,12600.0,180.0
3192182.0,레티시어,2025-04-14,14774,25532,180
3192182.0,레티시어,2025-04-15,16261,38621,180
3192182.0,레티시어,2025-04-16,17726,51481,180
481782.0,그릴롤,2025-04-12,27368.0,0.0,0
481782.0,그릴롤,2025-04-13,28936.0,13895.0,180.0
481782.0,그릴롤,2025-04-14,30506,27809,180
481782.0,그릴롤,2025-04-15,32086,41836,180
481782.0,그릴롤,2025-04-16,33661,55805,180
208728.0,운요,2025-04-12,25597.0,0.0,0
208728.0,운요,2025-04-13,26691.0,9458.0,150.0
208728.0,운요,2025-04-14,27785,18916,150
208728.0,운요,2025-04-15,28879,28374,150
208728.0,운요,2025-04-16,29970,37832,150
389157.0,페리,2025-04-12,12498.0,0.0,0
389157.0,페리,2025-04-13,14056.0,13800.0,180.0
389157.0,페리,2025-04-14,15644,27907,180
389157.0,페리,2025-04-15,17231,41999,180
389157.0,페리,2025-04-16,18809,55995,180
60896.0,몽별짱,2025-04-12,10587.0,0.0,0
60896.0,몽별짱,2025-04-13,11651.0,9099.0,150.0
60896.0,몽별짱,2025-04-14,12706,18198,150
60896.0,몽별짱,2025-04-15,13770,27354,150
60896.0,몽별짱,2025-04-16,15281,40676,180
