UID,nickname,날짜,누적공적,공적차,누적점수,점수차,일일공적,prev_date,prev_score
94359.0,0노엘0,2025-02-08,8768.0,-1,0.0,-1,0.0,,
94359.0,0노엘0,2025-02-09,9729.0,961,7832.0,7832,180.0,2025-02-08,0.0
94359.0,0노엘0,2025-02-10,10750.0,1021,16258.0,8426,180.0,2025-02-09,7832.0
94359.0,0노엘0,2025-02-11,11847.0,1097,25436.0,9178,180.0,2025-02-10,16258.0
94359.0,0노엘0,2025-02-12,12601.0,754,31483.0,6047,150.0,2025-02-11,25436.0
94359.0,0노엘0,2025-02-13,13651.0,1050,40196.0,8713,180.0,2025-02-12,31483.0
94359.0,0노엘0,2025-02-14,14713.0,1062,49028.0,8832,180.0,2025-02-13,40196.0
94359.0,0노엘0,2025-02-15,15523.0,810,55639.0,6611,150.0,2025-02-14,49028.0
94359.0,0노엘0,2025-03-01,16783.0,1260,0.0,-1,0.0,2025-02-15,55639.0
94359.0,0노엘0,2025-03-02,17781.0,998,8194.0,8194,180.0,2025-03-01,0.0
94359.0,0노엘0,2025-03-03,18776.0,995,16361.0,8167,180.0,2025-03-02,8194.0
94359.0,0노엘0,2025-03-04,19838.0,1062,25203.0,8842,180.0,2025-03-03,16361.0
94359.0,0노엘0,2025-03-05,20622.0,784,31549.0,6346,150.0,2025-03-04,25203.0
94359.0,0노엘0,2025-03-06,21668.0,1046,40216.0,8667,180.0,2025-03-05,31549.0
94359.0,0노엘0,2025-03-07,22746.0,1078,49210.0,8994,180.0,2025-03-06,40216.0
94359.0,0노엘0,2025-03-08,23773.0,1027,57685.0,8475,180.0,2025-03-07,49210.0
94359.0,0노엘0,2025-03-22,25033.0,1260,0.0,-1,0.0,2025-03-08,57685.0
94359.0,0노엘0,2025-03-23,26488.0,1455,12755.0,12755,180.0,2025-03-22,0.0
94359.0,0노엘0,2025-03-24,27976.0,1488,25844.0,13089,180.0,2025-03-23,12755.0
94359.0,0노엘0,2025-03-25,29464.0,1488,38934.0,13090,180.0,2025-03-24,25844.0
94359.0,0노엘0,2025-03-26,30937.0,1473,51882.0,12948,180.0,2025-03-25,38934.0
94359.0,0노엘0,2025-03-27,32412.0,1475,64846.0,12964,180.0,2025-03-26,51882.0
94359.0,0노엘0,2025-03-28,33896.0,1484,77898.0,13052,180.0,2025-03-27,64846.0
94359.0,0노엘0,2025-03-29,34959.0,1063,87041.0,9143,150.0,2025-03-28,77898.0
94359.0,0노엘0,2025-04-12,36219.0,1260,0.0,-1,0.0,2025-03-29,87041.0
94359.0,0노엘0,2025-04-13,37294.0,1075,9000.0,9000,180.0,2025-04-12,0.0
94359.0,0노엘0,2025-04-14,38857.0,1563,23099.0,14099,150.0,2025-04-13,9000.0
94359.0,0노엘0,2025-04-15,39951.0,1094,32557.0,9458,150.0,2025-04-14,23099.0
94359.0,0노엘0,2025-04-16,41512.0,1561,46385.0,13828,180.0,2025-04-15,32557.0
17812.0,Ailless,2025-02-08,6360.0,-1,0.0,-1,0.0,,
17812.0,Ailless,2025-02-09,6917.0,557,3778.0,3778,180.0,2025-02-08,0.0
17812.0,Ailless,2025-02-10,7703.0,786,9854.0,6076,180.0,2025-02-09,3778.0
17812.0,Ailless,2025-02-11,8637.0,934,17412.0,7558,180.0,2025-02-10,9854.0
17812.0,Ailless,2025-02-12,9489.0,852,24149.0,6737,180.0,2025-02-11,17412.0
17812.0,Ailless,2025-02-13,10408.0,919,31555.0,7406,180.0,2025-02-12,24149.0
17812.0,Ailless,2025-02-14,11338.0,930,39069.0,7514,180.0,2025-02-13,31555.0
17812.0,Ailless,2025-02-15,12294.0,956,46843.0,7774,180.0,2025-02-14,39069.0
17812.0,Ailless,2025-03-01,13554.0,1260,0.0,-1,0.0,2025-02-15,46843.0
17812.0,Ailless,2025-03-02,14501.0,947,7686.0,7686,180.0,2025-03-01,0.0
17812.0,Ailless,2025-03-03,15493.0,992,15819.0,8133,180.0,2025-03-02,7686.0
17812.0,Ailless,2025-03-04,16563.0,1070,24727.0,8908,180.0,2025-03-03,15819.0
17812.0,Ailless,2025-03-05,17563.0,1000,32938.0,8211,180.0,2025-03-04,24727.0
17812.0,Ailless,2025-03-06,18582.0,1019,41342.0,8404,180.0,2025-03-05,32938.0
17812.0,Ailless,2025-03-07,19646.0,1064,50197.0,8855,180.0,2025-03-06,41342.0
17812.0,Ailless,2025-03-08,20691.0,1045,58858.0,8661,180.0,2025-03-07,50197.0
17812.0,Ailless,2025-03-22,21951.0,1260,0.0,-1,0.0,2025-03-08,58858.0
17812.0,Ailless,2025-03-23,23392.0,1441,12618.0,12618,180.0,2025-03-22,0.0
17812.0,Ailless,2025-03-24,24835.0,1443,25258.0,12640,180.0,2025-03-23,12618.0
17812.0,Ailless,2025-03-25,26219.0,1384,37316.0,12058,180.0,2025-03-24,25258.0
17812.0,Ailless,2025-03-26,27671.0,1452,50046.0,12730,180.0,2025-03-25,37316.0
17812.0,Ailless,2025-03-27,29124.0,1453,62797.0,12751,180.0,2025-03-26,50046.0
17812.0,Ailless,2025-03-28,30597.0,1473,75731.0,12934,180.0,2025-03-27,62797.0
17812.0,Ailless,2025-03-29,32104.0,1507,89011.0,13280,180.0,2025-03-28,75731.0
17812.0,Ailless,2025-04-12,33364.0,1260,0.0,-1,0.0,2025-03-29,89011.0
17812.0,Ailless,2025-04-13,34912.0,1548,13695.0,13695,180.0,2025-04-12,0.0
17812.0,Ailless,2025-04-14,36441.0,1529,27196.0,13501,180.0,2025-04-13,13695.0
17812.0,Ailless,2025-04-15,38000.0,1559,41008.0,13812,180.0,2025-04-14,27196.0
17812.0,Ailless,2025-04-16,39537.0,1537,54589.0,13581,180.0,2025-04-15,41008.0
34885.0,Bigfish,2025-02-08,9448.0,-1,0.0,-1,0.0,,
34885.0,Bigfish,2025-02-09,10224.0,776,6275.0,6275,150.0,2025-02-08,0.0
34885.0,Bigfish,2025-02-10,11006.0,782,12597.0,6322,150.0,2025-02-09,6275.0
34885.0,Bigfish,2025-02-11,11799.0,793,19036.0,6439,150.0,2025-02-10,12597.0
34885.0,Bigfish,2025-02-12,12589.0,790,25440.0,6404,150.0,2025-02-11,19036.0
34885.0,Bigfish,2025-02-13,13379.0,790,31849.0,6409,150.0,2025-02-12,25440.0
34885.0,Bigfish,2025-02-14,14177.0,798,38337.0,6488,150.0,2025-02-13,31849.0
34885.0,Bigfish,2025-02-15,14988.0,811,44956.0,6619,150.0,2025-02-14,38337.0
34885.0,Bigfish,2025-03-01,16248.0,1260,0.0,-1,0.0,2025-02-15,44956.0
34885.0,Bigfish,2025-03-02,17296.0,1048,8681.0,8681,180.0,2025-03-01,0.0
34885.0,Bigfish,2025-03-03,18319.0,1023,17130.0,8449,180.0,2025-03-02,8681.0
34885.0,Bigfish,2025-03-04,19360.0,1041,25750.0,8620,180.0,2025-03-03,17130.0
34885.0,Bigfish,2025-03-05,20388.0,1028,34242.0,8492,180.0,2025-03-04,25750.0
34885.0,Bigfish,2025-03-06,21446.0,1058,43031.0,8789,180.0,2025-03-05,34242.0
34885.0,Bigfish,2025-03-07,22518.0,1072,51966.0,8935,180.0,2025-03-06,43031.0
34885.0,Bigfish,2025-03-08,23550.0,1032,60505.0,8539,180.0,2025-03-07,51966.0
34885.0,Bigfish,2025-03-22,24810.0,1260,0.0,-1,0.0,2025-03-08,60505.0
34885.0,Bigfish,2025-03-23,25841.0,1031,8833.0,8833,150.0,2025-03-22,0.0
34885.0,Bigfish,2025-03-24,26882.0,1041,17749.0,8916,150.0,2025-03-23,8833.0
34885.0,Bigfish,2025-03-25,27933.0,1051,26772.0,9023,150.0,2025-03-24,17749.0
34885.0,Bigfish,2025-03-26,28963.0,1030,35576.0,8804,150.0,2025-03-25,26772.0
34885.0,Bigfish,2025-03-27,29997.0,1034,44426.0,8850,150.0,2025-03-26,35576.0
34885.0,Bigfish,2025-03-28,31056.0,1059,53521.0,9095,150.0,2025-03-27,44426.0
34885.0,Bigfish,2025-03-29,32125.0,1069,62728.0,9207,150.0,2025-03-28,53521.0
34885.0,Bigfish,2025-04-12,33385.0,1260,0.0,-1,0.0,2025-03-29,62728.0
34885.0,Bigfish,2025-04-13,34472.0,1087,9404.0,9404,150.0,2025-04-12,0.0
34885.0,Bigfish,2025-04-14,35563.0,1091,18808.0,9404,150.0,2025-04-13,9404.0
34885.0,Bigfish,2025-04-15,36654.0,1091,28221.0,9413,150.0,2025-04-14,18808.0
34885.0,Bigfish,2025-04-16,37740.0,1086,37586.0,9365,150.0,2025-04-15,28221.0
176619.0,Blue37,2025-02-08,7460.0,-1,0.0,-1,0.0,,
176619.0,Blue37,2025-02-09,7940.0,480,3310.0,3310,150.0,2025-02-08,0.0
176619.0,Blue37,2025-02-10,8428.0,488,6694.0,3384,150.0,2025-02-09,3310.0
176619.0,Blue37,2025-02-11,8954.0,526,10457.0,3763,150.0,2025-02-10,6694.0
176619.0,Blue37,2025-02-12,9475.0,521,14172.0,3715,150.0,2025-02-11,10457.0
176619.0,Blue37,2025-02-13,10019.0,544,18125.0,3953,150.0,2025-02-12,14172.0
176619.0,Blue37,2025-02-14,10809.0,790,24242.0,6117,180.0,2025-02-13,18125.0
176619.0,Blue37,2025-02-15,11338.0,529,28040.0,3798,150.0,2025-02-14,24242.0
1192758.0,CHECHE,2025-02-08,8180.0,-1,0.0,-1,0.0,,
1192758.0,CHECHE,2025-02-09,8770.0,590,4111.0,4111,180.0,2025-02-08,0.0
1192758.0,CHECHE,2025-02-10,9414.0,644,8796.0,4685,180.0,2025-02-09,4111.0
1192758.0,CHECHE,2025-02-11,10085.0,671,13700.0,4904,180.0,2025-02-10,8796.0
1192758.0,CHECHE,2025-02-12,10724.0,639,18303.0,4603,180.0,2025-02-11,13700.0
1192758.0,CHECHE,2025-02-13,11382.0,658,23103.0,4800,180.0,2025-02-12,18303.0
1192758.0,CHECHE,2025-02-14,12091.0,709,28410.0,5307,180.0,2025-02-13,23103.0
1192758.0,CHECHE,2025-02-15,12750.0,659,33209.0,4799,180.0,2025-02-14,28410.0
1192758.0,CHECHE,2025-03-01,14010.0,1260,0.0,-1,0.0,2025-02-15,33209.0
1192758.0,CHECHE,2025-03-02,14646.0,636,4570.0,4570,180.0,2025-03-01,0.0
1192758.0,CHECHE,2025-03-03,15222.0,576,8543.0,3973,180.0,2025-03-02,4570.0
1192758.0,CHECHE,2025-03-04,15885.0,663,13395.0,4852,180.0,2025-03-03,8543.0
1192758.0,CHECHE,2025-03-05,16504.0,619,17790.0,4395,180.0,2025-03-04,13395.0
1192758.0,CHECHE,2025-03-06,17215.0,711,23111.0,5321,180.0,2025-03-05,17790.0
1192758.0,CHECHE,2025-03-07,17854.0,639,27718.0,4607,180.0,2025-03-06,23111.0
1192758.0,CHECHE,2025-03-08,18512.0,658,0.0,-27718,3430.0,2025-03-07,27718.0
1256692.0,LSUTIGERS,2025-02-08,8253.0,-1,0.0,-1,0.0,,
1256692.0,LSUTIGERS,2025-02-09,9079.0,826,6474.0,6474,180.0,2025-02-08,0.0
1256692.0,LSUTIGERS,2025-02-10,9923.0,844,13133.0,6659,180.0,2025-02-09,6474.0
1256692.0,LSUTIGERS,2025-02-11,10863.0,940,20747.0,7614,180.0,2025-02-10,13133.0
1256692.0,LSUTIGERS,2025-02-12,11757.0,894,27899.0,7152,180.0,2025-02-11,20747.0
1256692.0,LSUTIGERS,2025-02-13,12636.0,879,34900.0,7001,180.0,2025-02-12,27899.0
1256692.0,LSUTIGERS,2025-02-14,13628.0,992,43043.0,8143,180.0,2025-02-13,34900.0
1256692.0,LSUTIGERS,2025-02-15,14506.0,878,50439.0,7396,140.0,2025-02-14,43043.0
1256692.0,LSUTIGERS,2025-03-01,15726.0,1220,0.0,-1,0.0,2025-02-15,50439.0
1256692.0,LSUTIGERS,2025-03-02,16643.0,917,7378.0,7378,180.0,2025-03-01,0.0
1256692.0,LSUTIGERS,2025-03-03,17577.0,934,14942.0,7564,180.0,2025-03-02,7378.0
1256692.0,LSUTIGERS,2025-03-04,18562.0,985,23003.0,8061,180.0,2025-03-03,14942.0
1256692.0,LSUTIGERS,2025-03-05,19503.0,941,30630.0,7627,180.0,2025-03-04,23003.0
1256692.0,LSUTIGERS,2025-03-06,20496.0,993,38772.0,8142,180.0,2025-03-05,30630.0
1256692.0,LSUTIGERS,2025-03-07,21474.0,978,46767.0,7995,180.0,2025-03-06,38772.0
1256692.0,LSUTIGERS,2025-03-08,22437.0,963,54610.0,7843,180.0,2025-03-07,46767.0
3155311.0,Ryngvi,2025-02-08,7352.0,-1,0.0,-1,0.0,,
3155311.0,Ryngvi,2025-02-09,8412.0,1060,8811.0,8811,180.0,2025-02-08,0.0
3155311.0,Ryngvi,2025-02-10,9485.0,1073,17764.0,8953,180.0,2025-02-09,8811.0
3155311.0,Ryngvi,2025-02-11,10571.0,1086,26841.0,9077,180.0,2025-02-10,17764.0
3155311.0,Ryngvi,2025-02-12,11654.0,1083,35887.0,9046,180.0,2025-02-11,26841.0
3155311.0,Ryngvi,2025-02-13,12865.0,1211,46213.0,10326,180.0,2025-02-12,35887.0
3155311.0,Ryngvi,2025-02-14,14094.0,1229,56718.0,10505,180.0,2025-02-13,46213.0
3155311.0,Ryngvi,2025-02-15,15307.0,1213,67059.0,10341,180.0,2025-02-14,56718.0
3155311.0,Ryngvi,2025-03-01,16567.0,1260,0.0,-1,0.0,2025-02-15,67059.0
3155311.0,Ryngvi,2025-03-02,17649.0,1082,9035.0,9035,180.0,2025-03-01,0.0
3155311.0,Ryngvi,2025-03-03,18777.0,1128,18522.0,9487,180.0,2025-03-02,9035.0
3155311.0,Ryngvi,2025-03-04,19975.0,1198,28709.0,10187,180.0,2025-03-03,18522.0
3155311.0,Ryngvi,2025-03-05,21129.0,1154,38465.0,9756,180.0,2025-03-04,28709.0
3155311.0,Ryngvi,2025-03-06,22333.0,1204,48722.0,10257,180.0,2025-03-05,38465.0
3155311.0,Ryngvi,2025-03-07,23536.0,1203,58957.0,10235,180.0,2025-03-06,48722.0
3155311.0,Ryngvi,2025-03-08,24741.0,1205,69215.0,10258,180.0,2025-03-07,58957.0
3155311.0,Ryngvi,2025-03-22,26001.0,1260,0.0,-1,0.0,2025-03-08,69215.0
3155311.0,Ryngvi,2025-03-23,27446.0,1445,12661.0,12661,180.0,2025-03-22,0.0
3155311.0,Ryngvi,2025-03-24,28912.0,1466,25531.0,12870,180.0,2025-03-23,12661.0
3155311.0,Ryngvi,2025-03-25,29951.0,1039,34435.0,8904,150.0,2025-03-24,25531.0
3155311.0,Ryngvi,2025-03-26,30984.0,1033,43269.0,8834,150.0,2025-03-25,34435.0
3155311.0,Ryngvi,2025-03-27,32014.0,1030,52076.0,8807,150.0,2025-03-26,43269.0
3155311.0,Ryngvi,2025-03-28,33041.0,1027,60860.0,8784,150.0,2025-03-27,52076.0
3155311.0,Ryngvi,2025-03-29,34096.0,1055,69924.0,9064,150.0,2025-03-28,60860.0
3155311.0,Ryngvi,2025-04-12,35356.0,1260,0.0,-1,0.0,2025-03-29,69924.0
3155311.0,Ryngvi,2025-04-13,36938.0,1582,14050.0,14050,180.0,2025-04-12,0.0
3155311.0,Ryngvi,2025-04-14,38534.0,1596,28224.0,14174,180.0,2025-04-13,14050.0
3155311.0,Ryngvi,2025-04-15,40130.0,1596,42409.0,14185,180.0,2025-04-14,28224.0
3155311.0,Ryngvi,2025-04-16,42188.0,2058,61239.0,18830,180.0,2025-04-15,42409.0
434634.0,SWPSR,2025-03-22,630.0,-1,0.0,-1,0.0,,
434634.0,SWPSR,2025-03-23,2047.0,1417,12386.0,12386,180.0,2025-03-22,0.0
434634.0,SWPSR,2025-03-24,3487.0,1440,24999.0,12613,180.0,2025-03-23,12386.0
434634.0,SWPSR,2025-03-25,4942.0,1455,37759.0,12760,180.0,2025-03-24,24999.0
434634.0,SWPSR,2025-03-26,5498.0,556,42125.0,4366,120.0,2025-03-25,37759.0
434634.0,SWPSR,2025-03-27,6948.0,1450,54842.0,12717,180.0,2025-03-26,42125.0
434634.0,SWPSR,2025-03-28,8416.0,1468,67738.0,12896,180.0,2025-03-27,54842.0
434634.0,SWPSR,2025-03-29,9468.0,1052,76768.0,9030,150.0,2025-03-28,67738.0
434634.0,SWPSR,2025-04-12,10728.0,1260,0.0,-1,0.0,2025-03-29,76768.0
434634.0,SWPSR,2025-04-13,11778.0,1050,9000.0,9000,150.0,2025-04-12,0.0
434634.0,SWPSR,2025-04-14,13324.0,1546,22698.0,13698,180.0,2025-04-13,9000.0
434634.0,SWPSR,2025-04-15,14886.0,1562,36529.0,13831,180.0,2025-04-14,22698.0
434634.0,SWPSR,2025-04-16,16438.0,1552,50266.0,13737,180.0,2025-04-15,36529.0
13733.0,Syrup,2025-02-08,11414.0,-1,0.0,-1,0.0,,
13733.0,Syrup,2025-02-09,12437.0,1023,8446.0,8446,180.0,2025-02-08,0.0
13733.0,Syrup,2025-02-10,13467.0,1030,16953.0,8507,180.0,2025-02-09,8446.0
13733.0,Syrup,2025-02-11,14534.0,1067,25843.0,8890,180.0,2025-02-10,16953.0
13733.0,Syrup,2025-02-12,15628.0,1094,35002.0,9159,180.0,2025-02-11,25843.0
13733.0,Syrup,2025-02-13,16675.0,1047,43685.0,8683,180.0,2025-02-12,35002.0
13733.0,Syrup,2025-02-14,17845.0,1170,53595.0,9910,180.0,2025-02-13,43685.0
13733.0,Syrup,2025-02-15,18934.0,1089,62704.0,9109,180.0,2025-02-14,53595.0
13733.0,Syrup,2025-03-01,20194.0,1260,0.0,-1,0.0,2025-02-15,62704.0
13733.0,Syrup,2025-03-02,21272.0,1078,8997.0,8997,180.0,2025-03-01,0.0
13733.0,Syrup,2025-03-03,22315.0,1043,17637.0,8640,180.0,2025-03-02,8997.0
13733.0,Syrup,2025-03-04,23482.0,1167,27521.0,9884,180.0,2025-03-03,17637.0
13733.0,Syrup,2025-03-05,24580.0,1098,36719.0,9198,180.0,2025-03-04,27521.0
13733.0,Syrup,2025-03-06,25756.0,1176,46699.0,9980,180.0,2025-03-05,36719.0
13733.0,Syrup,2025-03-07,26914.0,1158,56495.0,9796,180.0,2025-03-06,46699.0
13733.0,Syrup,2025-03-08,28071.0,1157,66282.0,9787,180.0,2025-03-07,56495.0
13733.0,Syrup,2025-03-22,29331.0,1260,0.0,-1,0.0,2025-03-08,66282.0
13733.0,Syrup,2025-03-23,30751.0,1420,12412.0,12412,180.0,2025-03-22,0.0
13733.0,Syrup,2025-03-24,32227.0,1476,25380.0,12968,180.0,2025-03-23,12412.0
13733.0,Syrup,2025-03-25,33252.0,1025,34142.0,8762,150.0,2025-03-24,25380.0
13733.0,Syrup,2025-03-26,34263.0,1011,42764.0,8622,150.0,2025-03-25,34142.0
13733.0,Syrup,2025-03-27,35278.0,1015,51423.0,8659,150.0,2025-03-26,42764.0
13733.0,Syrup,2025-03-28,36301.0,1023,60169.0,8746,150.0,2025-03-27,51423.0
13733.0,Syrup,2025-03-29,37322.0,1021,68888.0,8719,150.0,2025-03-28,60169.0
13733.0,Syrup,2025-04-12,38582.0,1260,0.0,-1,0.0,2025-03-29,68888.0
13733.0,Syrup,2025-04-13,40114.0,1532,13541.0,13541,180.0,2025-04-12,0.0
13733.0,Syrup,2025-04-14,41658.0,1544,27197.0,13656,180.0,2025-04-13,13541.0
13733.0,Syrup,2025-04-15,43221.0,1563,41047.0,13850,180.0,2025-04-14,27197.0
13733.0,Syrup,2025-04-16,44762.0,1541,54679.0,13632,180.0,2025-04-15,41047.0
2878570.0,Visara,2025-03-22,1170.0,-1,0.0,-1,0.0,,
2878570.0,Visara,2025-03-23,2621.0,1451,12723.0,12723,180.0,2025-03-22,0.0
2878570.0,Visara,2025-03-24,4085.0,1464,25573.0,12850,180.0,2025-03-23,12723.0
2878570.0,Visara,2025-03-25,5559.0,1474,38522.0,12949,180.0,2025-03-24,25573.0
2878570.0,Visara,2025-03-26,7016.0,1457,51314.0,12792,180.0,2025-03-25,38522.0
2878570.0,Visara,2025-03-27,8488.0,1472,64249.0,12935,180.0,2025-03-26,51314.0
2878570.0,Visara,2025-03-28,9975.0,1487,77338.0,13089,180.0,2025-03-27,64249.0
2878570.0,Visara,2025-03-29,11503.0,1528,90834.0,13496,180.0,2025-03-28,77338.0
2878570.0,Visara,2025-04-12,12763.0,1260,0.0,-1,0.0,2025-03-29,90834.0
2878570.0,Visara,2025-04-13,14301.0,1538,13600.0,13600,180.0,2025-04-12,0.0
2878570.0,Visara,2025-04-14,15853.0,1552,27323.0,13723,180.0,2025-04-13,13600.0
2878570.0,Visara,2025-04-15,17412.0,1559,41121.0,13798,180.0,2025-04-14,27323.0
2878570.0,Visara,2025-04-16,18973.0,1561,54955.0,13834,180.0,2025-04-15,41121.0
31979.0,verpivia,2025-02-08,11019.0,-1,0.0,-1,0.0,,
31979.0,verpivia,2025-02-09,11990.0,971,7924.0,7924,180.0,2025-02-08,0.0
31979.0,verpivia,2025-02-10,12972.0,982,15969.0,8045,180.0,2025-02-09,7924.0
31979.0,verpivia,2025-02-11,14015.0,1043,24609.0,8640,180.0,2025-02-10,15969.0
31979.0,verpivia,2025-02-12,15093.0,1078,33602.0,8993,180.0,2025-02-11,24609.0
31979.0,verpivia,2025-02-13,16206.0,1113,42950.0,9348,180.0,2025-02-12,33602.0
31979.0,verpivia,2025-02-14,17353.0,1147,52632.0,9682,180.0,2025-02-13,42950.0
31979.0,verpivia,2025-02-15,18453.0,1100,61842.0,9210,180.0,2025-02-14,52632.0
31979.0,verpivia,2025-03-01,19713.0,1260,0.0,-1,0.0,2025-02-15,61842.0
31979.0,verpivia,2025-03-02,20754.0,1041,8622.0,8622,180.0,2025-03-01,0.0
31979.0,verpivia,2025-03-03,21839.0,1085,17688.0,9066,180.0,2025-03-02,8622.0
31979.0,verpivia,2025-03-04,22917.0,1078,26686.0,8998,180.0,2025-03-03,17688.0
31979.0,verpivia,2025-03-05,24008.0,1091,35807.0,9121,180.0,2025-03-04,26686.0
31979.0,verpivia,2025-03-06,25143.0,1135,45366.0,9559,180.0,2025-03-05,35807.0
31979.0,verpivia,2025-03-07,26290.0,1147,55051.0,9685,180.0,2025-03-06,45366.0
31979.0,verpivia,2025-03-08,27396.0,1106,64322.0,9271,180.0,2025-03-07,55051.0
31979.0,verpivia,2025-03-22,28656.0,1260,0.0,-1,0.0,2025-03-08,64322.0
31979.0,verpivia,2025-03-23,30118.0,1462,12826.0,12826,180.0,2025-03-22,0.0
31979.0,verpivia,2025-03-24,31601.0,1483,25871.0,13045,180.0,2025-03-23,12826.0
31979.0,verpivia,2025-03-25,33096.0,1495,39040.0,13169,180.0,2025-03-24,25871.0
31979.0,verpivia,2025-03-26,34587.0,1491,52158.0,13118,180.0,2025-03-25,39040.0
31979.0,verpivia,2025-03-27,36073.0,1486,65229.0,13071,180.0,2025-03-26,52158.0
31979.0,verpivia,2025-03-28,37564.0,1491,78353.0,13124,180.0,2025-03-27,65229.0
31979.0,verpivia,2025-03-29,39122.0,1558,92156.0,13803,180.0,2025-03-28,78353.0
31979.0,verpivia,2025-04-12,40382.0,1260,0.0,-1,0.0,2025-03-29,92156.0
31979.0,verpivia,2025-04-13,41945.0,1563,13850.0,13850,180.0,2025-04-12,0.0
31979.0,verpivia,2025-04-14,43516.0,1571,27793.0,13943,180.0,2025-04-13,13850.0
31979.0,verpivia,2025-04-15,45104.0,1588,41893.0,14100,180.0,2025-04-14,27793.0
31979.0,verpivia,2025-04-16,46692.0,1588,55987.0,14094,180.0,2025-04-15,41893.0
2047525.0,국정원장,2025-02-08,10888.0,-1,0.0,-1,0.0,,
2047525.0,국정원장,2025-02-09,11811.0,923,7443.0,7443,180.0,2025-02-08,0.0
2047525.0,국정원장,2025-02-10,12802.0,991,15571.0,8128,180.0,2025-02-09,7443.0
2047525.0,국정원장,2025-02-11,13800.0,998,23766.0,8195,180.0,2025-02-10,15571.0
2047525.0,국정원장,2025-02-12,14671.0,871,30699.0,6933,180.0,2025-02-11,23766.0
2047525.0,국정원장,2025-02-13,15560.0,889,37804.0,7105,180.0,2025-02-12,30699.0
2047525.0,국정원장,2025-02-14,16478.0,918,45202.0,7398,180.0,2025-02-13,37804.0
2047525.0,국정원장,2025-02-15,17347.0,869,52103.0,6901,180.0,2025-02-14,45202.0
2047525.0,국정원장,2025-03-01,18607.0,1260,0.0,-1,0.0,2025-02-15,52103.0
2047525.0,국정원장,2025-03-02,19595.0,988,8095.0,8095,180.0,2025-03-01,0.0
2047525.0,국정원장,2025-03-03,20571.0,976,16073.0,7978,180.0,2025-03-02,8095.0
2047525.0,국정원장,2025-03-04,21640.0,1069,24983.0,8910,180.0,2025-03-03,16073.0
2047525.0,국정원장,2025-03-05,22628.0,988,33076.0,8093,180.0,2025-03-04,24983.0
2047525.0,국정원장,2025-03-06,23679.0,1051,41800.0,8724,180.0,2025-03-05,33076.0
2047525.0,국정원장,2025-03-07,24783.0,1104,51061.0,9261,180.0,2025-03-06,41800.0
2047525.0,국정원장,2025-03-08,25810.0,1027,59551.0,8490,180.0,2025-03-07,51061.0
2047525.0,국정원장,2025-03-22,27070.0,1260,0.0,-1,0.0,2025-03-08,59551.0
2047525.0,국정원장,2025-03-23,28079.0,1009,8594.0,8594,150.0,2025-03-22,0.0
2047525.0,국정원장,2025-03-24,29529.0,1450,21307.0,12713,180.0,2025-03-23,8594.0
2047525.0,국정원장,2025-03-25,30556.0,1027,30081.0,8774,150.0,2025-03-24,21307.0
2047525.0,국정원장,2025-03-26,32005.0,1449,42793.0,12712,180.0,2025-03-25,30081.0
2047525.0,국정원장,2025-03-27,33008.0,1003,51326.0,8533,150.0,2025-03-26,42793.0
2047525.0,국정원장,2025-03-28,34470.0,1462,64164.0,12838,180.0,2025-03-27,51326.0
2047525.0,국정원장,2025-03-29,35937.0,1467,77047.0,12883,180.0,2025-03-28,64164.0
2047525.0,국정원장,2025-04-12,37197.0,1260,0.0,-1,0.0,2025-03-29,77047.0
2047525.0,국정원장,2025-04-13,38729.0,1532,13534.0,13534,180.0,2025-04-12,0.0
2047525.0,국정원장,2025-04-14,40280.0,1551,27259.0,13725,180.0,2025-04-13,13534.0
2047525.0,국정원장,2025-04-15,41839.0,1559,41060.0,13801,180.0,2025-04-14,27259.0
2047525.0,국정원장,2025-04-16,43481.0,1642,54793.0,13733,270.0,2025-04-15,41060.0
481782.0,그릴롤,2025-02-08,630.0,-1,0.0,-1,0.0,,
481782.0,그릴롤,2025-02-09,1373.0,743,5946.0,5946,150.0,2025-02-08,0.0
481782.0,그릴롤,2025-02-10,2103.0,730,11750.0,5804,150.0,2025-02-09,5946.0
481782.0,그릴롤,2025-02-11,2858.0,755,17800.0,6050,150.0,2025-02-10,11750.0
481782.0,그릴롤,2025-02-12,3592.0,734,23651.0,5851,150.0,2025-02-11,17800.0
481782.0,그릴롤,2025-02-13,4287.0,695,29105.0,5454,150.0,2025-02-12,23651.0
481782.0,그릴롤,2025-02-14,5019.0,732,34932.0,5827,150.0,2025-02-13,29105.0
481782.0,그릴롤,2025-02-15,5727.0,708,40520.0,5588,150.0,2025-02-14,34932.0
481782.0,그릴롤,2025-03-01,6987.0,1260,0.0,-1,0.0,2025-02-15,40520.0
481782.0,그릴롤,2025-03-02,7982.0,995,8152.0,8152,180.0,2025-03-01,0.0
481782.0,그릴롤,2025-03-03,8994.0,1012,16493.0,8341,180.0,2025-03-02,8152.0
481782.0,그릴롤,2025-03-04,10110.0,1116,25870.0,9377,180.0,2025-03-03,16493.0
481782.0,그릴롤,2025-03-05,11140.0,1030,34382.0,8512,180.0,2025-03-04,25870.0
481782.0,그릴롤,2025-03-06,12244.0,1104,43640.0,9258,180.0,2025-03-05,34382.0
481782.0,그릴롤,2025-03-07,13397.0,1153,53386.0,9746,180.0,2025-03-06,43640.0
481782.0,그릴롤,2025-03-08,14489.0,1092,62516.0,9130,180.0,2025-03-07,53386.0
481782.0,그릴롤,2025-03-22,15749.0,1260,0.0,-1,0.0,2025-03-08,62516.0
481782.0,그릴롤,2025-03-23,17212.0,1463,12831.0,12831,180.0,2025-03-22,0.0
481782.0,그릴롤,2025-03-24,18693.0,1481,25848.0,13017,180.0,2025-03-23,12831.0
481782.0,그릴롤,2025-03-25,20186.0,1493,38993.0,13145,180.0,2025-03-24,25848.0
481782.0,그릴롤,2025-03-26,21663.0,1477,51967.0,12974,180.0,2025-03-25,38993.0
481782.0,그릴롤,2025-03-27,23144.0,1481,64999.0,13032,180.0,2025-03-26,51967.0
481782.0,그릴롤,2025-03-28,24634.0,1490,78116.0,13117,180.0,2025-03-27,64999.0
481782.0,그릴롤,2025-03-29,26108.0,1474,91074.0,12958,180.0,2025-03-28,78116.0
481782.0,그릴롤,2025-04-12,27368.0,1260,0.0,-1,0.0,2025-03-29,91074.0
481782.0,그릴롤,2025-04-13,28936.0,1568,13895.0,13895,180.0,2025-04-12,0.0
481782.0,그릴롤,2025-04-14,30506.0,1570,27809.0,13914,180.0,2025-04-13,13895.0
481782.0,그릴롤,2025-04-15,32086.0,1580,41836.0,14027,180.0,2025-04-14,27809.0
481782.0,그릴롤,2025-04-16,33661.0,1575,55805.0,13969,180.0,2025-04-15,41836.0
11840.0,나,2025-02-08,7507.0,-1,0.0,-1,0.0,,
11840.0,나,2025-02-09,8093.0,586,4390.0,4390,150.0,2025-02-08,0.0
11840.0,나,2025-02-10,8704.0,611,9012.0,4622,150.0,2025-02-09,4390.0
11840.0,나,2025-02-11,9334.0,630,13821.0,4809,150.0,2025-02-10,9012.0
11840.0,나,2025-02-12,9907.0,573,18062.0,4241,150.0,2025-02-11,13821.0
11840.0,나,2025-02-13,10447.0,540,21977.0,3915,150.0,2025-02-12,18062.0
11840.0,나,2025-02-14,11149.0,702,27514.0,5537,150.0,2025-02-13,21977.0
11840.0,나,2025-02-15,11766.0,617,32185.0,4671,150.0,2025-02-14,27514.0
11840.0,나,2025-03-01,13026.0,1260,0.0,-1,0.0,2025-02-15,32185.0
11840.0,나,2025-03-02,13848.0,822,6433.0,6433,180.0,2025-03-01,0.0
11840.0,나,2025-03-03,14643.0,795,12593.0,6160,180.0,2025-03-02,6433.0
11840.0,나,2025-03-04,15460.0,817,18974.0,6381,180.0,2025-03-03,12593.0
11840.0,나,2025-03-05,16247.0,787,25061.0,6087,180.0,2025-03-04,18974.0
11840.0,나,2025-03-06,17069.0,822,31495.0,6434,180.0,2025-03-05,25061.0
11840.0,나,2025-03-07,17939.0,870,38410.0,6915,180.0,2025-03-06,31495.0
11840.0,나,2025-03-08,18784.0,845,45077.0,6667,180.0,2025-03-07,38410.0
11840.0,나,2025-03-22,20044.0,1260,0.0,-1,0.0,2025-03-08,45077.0
11840.0,나,2025-03-23,21009.0,965,8156.0,8156,150.0,2025-03-22,0.0
11840.0,나,2025-03-24,21994.0,985,16517.0,8361,150.0,2025-03-23,8156.0
11840.0,나,2025-03-25,22979.0,985,24870.0,8353,150.0,2025-03-24,16517.0
11840.0,나,2025-03-26,23960.0,981,33191.0,8321,150.0,2025-03-25,24870.0
11840.0,나,2025-03-27,24903.0,943,41133.0,7942,150.0,2025-03-26,33191.0
11840.0,나,2025-03-28,25896.0,993,49565.0,8432,150.0,2025-03-27,41133.0
11840.0,나,2025-03-29,26874.0,978,57852.0,8287,150.0,2025-03-28,49565.0
11840.0,나,2025-04-12,28134.0,1260,0.0,-1,0.0,2025-03-29,57852.0
11840.0,나,2025-04-13,29172.0,1038,8900.0,8900,150.0,2025-04-12,0.0
11840.0,나,2025-04-14,30223.0,1051,17911.0,9011,150.0,2025-04-13,8900.0
11840.0,나,2025-04-15,31268.0,1045,26869.0,8958,150.0,2025-04-14,17911.0
11840.0,나,2025-04-16,32310.0,1042,35799.0,8930,150.0,2025-04-15,26869.0
762070.0,냐옹아울어바,2025-02-08,10107.0,-1,0.0,-1,0.0,,
762070.0,냐옹아울어바,2025-02-09,10991.0,884,7057.0,7057,180.0,2025-02-08,0.0
762070.0,냐옹아울어바,2025-02-10,12010.0,1019,15461.0,8404,180.0,2025-02-09,7057.0
762070.0,냐옹아울어바,2025-02-11,12989.0,979,23459.0,7998,180.0,2025-02-10,15461.0
762070.0,냐옹아울어바,2025-02-12,13991.0,1002,31692.0,8233,180.0,2025-02-11,23459.0
762070.0,냐옹아울어바,2025-02-13,14968.0,977,39682.0,7990,180.0,2025-02-12,31692.0
762070.0,냐옹아울어바,2025-02-14,15949.0,981,47707.0,8025,180.0,2025-02-13,39682.0
762070.0,냐옹아울어바,2025-02-15,16674.0,725,53461.0,5754,150.0,2025-02-14,47707.0
762070.0,냐옹아울어바,2025-03-01,17934.0,1260,0.0,-1,0.0,2025-02-15,53461.0
762070.0,냐옹아울어바,2025-03-02,18906.0,972,8337.0,8337,140.0,2025-03-01,0.0
762070.0,냐옹아울어바,2025-03-03,19901.0,995,16499.0,8162,180.0,2025-03-02,8337.0
762070.0,냐옹아울어바,2025-03-04,20909.0,1008,24785.0,8286,180.0,2025-03-03,16499.0
762070.0,냐옹아울어바,2025-03-05,21873.0,964,32637.0,7852,180.0,2025-03-04,24785.0
762070.0,냐옹아울어바,2025-03-06,22876.0,1003,40875.0,8238,180.0,2025-03-05,32637.0
762070.0,냐옹아울어바,2025-03-07,23922.0,1046,49555.0,8680,180.0,2025-03-06,40875.0
762070.0,냐옹아울어바,2025-03-08,24938.0,1016,57926.0,8371,180.0,2025-03-07,49555.0
1581287.0,네부,2025-02-08,10567.0,-1,0.0,-1,0.0,,
1581287.0,네부,2025-02-09,11564.0,997,8191.0,8191,180.0,2025-02-08,0.0
1581287.0,네부,2025-02-10,12617.0,1053,16935.0,8744,180.0,2025-02-09,8191.0
1581287.0,네부,2025-02-11,13733.0,1116,26312.0,9377,180.0,2025-02-10,16935.0
1581287.0,네부,2025-02-12,14694.0,961,34127.0,7815,180.0,2025-02-11,26312.0
1581287.0,네부,2025-02-13,15775.0,1081,43150.0,9023,180.0,2025-02-12,34127.0
1581287.0,네부,2025-02-14,16936.0,1161,52975.0,9825,180.0,2025-02-13,43150.0
1581287.0,네부,2025-02-15,18049.0,1113,62320.0,9345,180.0,2025-02-14,52975.0
1581287.0,네부,2025-03-01,19309.0,1260,0.0,-1,0.0,2025-02-15,62320.0
1581287.0,네부,2025-03-02,20357.0,1048,8696.0,8696,180.0,2025-03-01,0.0
1581287.0,네부,2025-03-03,21466.0,1109,17994.0,9298,180.0,2025-03-02,8696.0
1581287.0,네부,2025-03-04,22592.0,1126,27458.0,9464,180.0,2025-03-03,17994.0
1581287.0,네부,2025-03-05,23697.0,1105,36712.0,9254,180.0,2025-03-04,27458.0
1581287.0,네부,2025-03-06,24829.0,1132,46249.0,9537,180.0,2025-03-05,36712.0
1581287.0,네부,2025-03-07,25997.0,1168,56147.0,9898,180.0,2025-03-06,46249.0
1581287.0,네부,2025-03-08,27141.0,1144,65802.0,9655,180.0,2025-03-07,56147.0
1581287.0,네부,2025-03-22,28401.0,1260,0.0,-1,0.0,2025-03-08,65802.0
1581287.0,네부,2025-03-23,29850.0,1449,12697.0,12697,180.0,2025-03-22,0.0
1581287.0,네부,2025-03-24,31309.0,1459,25494.0,12797,180.0,2025-03-23,12697.0
1581287.0,네부,2025-03-25,32784.0,1475,38456.0,12962,180.0,2025-03-24,25494.0
1581287.0,네부,2025-03-26,34231.0,1447,51148.0,12692,180.0,2025-03-25,38456.0
1581287.0,네부,2025-03-27,35692.0,1461,63977.0,12829,180.0,2025-03-26,51148.0
1581287.0,네부,2025-03-28,37172.0,1480,76983.0,13006,180.0,2025-03-27,63977.0
1581287.0,네부,2025-03-29,38689.0,1517,90361.0,13378,180.0,2025-03-28,76983.0
1581287.0,네부,2025-04-12,39949.0,1260,0.0,-1,0.0,2025-03-29,90361.0
1581287.0,네부,2025-04-13,41495.0,1546,13700.0,13700,180.0,2025-04-12,0.0
1581287.0,네부,2025-04-14,43069.0,1574,27646.0,13946,180.0,2025-04-13,13700.0
1581287.0,네부,2025-04-15,44647.0,1578,41638.0,13992,180.0,2025-04-14,27646.0
1581287.0,네부,2025-04-16,46212.0,1565,55512.0,13874,180.0,2025-04-15,41638.0
2777044.0,노네임,2025-02-08,7170.0,-1,0.0,-1,0.0,,
2777044.0,노네임,2025-02-09,7809.0,639,4894.0,4894,150.0,2025-02-08,0.0
2777044.0,노네임,2025-02-10,8477.0,668,10082.0,5188,150.0,2025-02-09,4894.0
2777044.0,노네임,2025-02-11,9178.0,701,15597.0,5515,150.0,2025-02-10,10082.0
2777044.0,노네임,2025-02-12,9857.0,679,20893.0,5296,150.0,2025-02-11,15597.0
2777044.0,노네임,2025-02-13,10456.0,599,25392.0,4499,150.0,2025-02-12,20893.0
2777044.0,노네임,2025-02-14,11147.0,691,30804.0,5412,150.0,2025-02-13,25392.0
2777044.0,노네임,2025-02-15,11820.0,673,36044.0,5240,150.0,2025-02-14,30804.0
2777044.0,노네임,2025-03-01,13080.0,1260,0.0,-1,0.0,2025-02-15,36044.0
2777044.0,노네임,2025-03-02,14012.0,932,7534.0,7534,180.0,2025-03-01,0.0
2777044.0,노네임,2025-03-03,14903.0,891,14649.0,7115,180.0,2025-03-02,7534.0
2777044.0,노네임,2025-03-04,15848.0,945,22303.0,7654,180.0,2025-03-03,14649.0
2777044.0,노네임,2025-03-05,16742.0,894,29452.0,7149,180.0,2025-03-04,22303.0
2777044.0,노네임,2025-03-06,17728.0,986,37524.0,8072,180.0,2025-03-05,29452.0
2777044.0,노네임,2025-03-07,18729.0,1001,45744.0,8220,180.0,2025-03-06,37524.0
2777044.0,노네임,2025-03-08,19683.0,954,53490.0,7746,180.0,2025-03-07,45744.0
2777044.0,노네임,2025-03-22,20853.0,1170,0.0,-1,0.0,2025-03-08,53490.0
2777044.0,노네임,2025-03-23,21803.0,950,8013.0,8013,150.0,2025-03-22,0.0
2777044.0,노네임,2025-03-24,22785.0,982,16341.0,8328,150.0,2025-03-23,8013.0
2777044.0,노네임,2025-03-25,23777.0,992,24764.0,8423,150.0,2025-03-24,16341.0
2777044.0,노네임,2025-03-26,24748.0,971,32981.0,8217,150.0,2025-03-25,24764.0
2777044.0,노네임,2025-03-27,25733.0,985,41342.0,8361,150.0,2025-03-26,32981.0
2777044.0,노네임,2025-03-28,26735.0,1002,49876.0,8534,150.0,2025-03-27,41342.0
2777044.0,노네임,2025-03-29,27750.0,1015,58536.0,8660,150.0,2025-03-28,49876.0
2777044.0,노네임,2025-04-12,29010.0,1260,0.0,-1,0.0,2025-03-29,58536.0
2777044.0,노네임,2025-04-13,30041.0,1031,8824.0,8824,150.0,2025-04-12,0.0
2777044.0,노네임,2025-04-14,31026.0,985,17587.0,8763,110.0,2025-04-13,8824.0
2777044.0,노네임,2025-04-15,32007.0,981,25900.0,8313,150.0,2025-04-14,17587.0
2777044.0,노네임,2025-04-16,32950.0,943,33841.0,7941,150.0,2025-04-15,25900.0
105215.0,달려,2025-02-08,8693.0,-1,0.0,-1,0.0,,
105215.0,달려,2025-02-09,9665.0,972,7922.0,7922,180.0,2025-02-08,0.0
105215.0,달려,2025-02-10,10643.0,978,15922.0,8000,180.0,2025-02-09,7922.0
105215.0,달려,2025-02-11,11354.0,711,21543.0,5621,150.0,2025-02-10,15922.0
105215.0,달려,2025-02-12,12034.0,680,26850.0,5307,150.0,2025-02-11,21543.0
105215.0,달려,2025-02-13,12684.0,650,31860.0,5010,150.0,2025-02-12,26850.0
105215.0,달려,2025-02-14,13553.0,869,39061.0,7201,150.0,2025-02-13,31860.0
105215.0,달려,2025-02-15,14268.0,715,44714.0,5653,150.0,2025-02-14,39061.0
105215.0,달려,2025-03-01,15528.0,1260,0.0,-1,0.0,2025-02-15,44714.0
105215.0,달려,2025-03-02,16449.0,921,7423.0,7423,180.0,2025-03-01,0.0
105215.0,달려,2025-03-03,17416.0,967,15313.0,7890,180.0,2025-03-02,7423.0
105215.0,달려,2025-03-04,18413.0,997,23500.0,8187,180.0,2025-03-03,15313.0
105215.0,달려,2025-03-05,19365.0,952,31228.0,7728,180.0,2025-03-04,23500.0
105215.0,달려,2025-03-06,20327.0,962,39064.0,7836,180.0,2025-03-05,31228.0
105215.0,달려,2025-03-07,21368.0,1041,47680.0,8616,180.0,2025-03-06,39064.0
105215.0,달려,2025-03-08,22394.0,1026,56151.0,8471,180.0,2025-03-07,47680.0
105215.0,달려,2025-03-22,23654.0,1260,0.0,-1,0.0,2025-03-08,56151.0
105215.0,달려,2025-03-23,24989.0,1335,11562.0,11562,180.0,2025-03-22,0.0
105215.0,달려,2025-03-24,26015.0,1026,20327.0,8765,150.0,2025-03-23,11562.0
105215.0,달려,2025-03-25,27039.0,1024,29079.0,8752,150.0,2025-03-24,20327.0
105215.0,달려,2025-03-26,28050.0,1011,37707.0,8628,150.0,2025-03-25,29079.0
105215.0,달려,2025-03-27,29069.0,1019,46401.0,8694,150.0,2025-03-26,37707.0
105215.0,달려,2025-03-28,30096.0,1027,55177.0,8776,150.0,2025-03-27,46401.0
105215.0,달려,2025-03-29,31159.0,1063,64318.0,9141,150.0,2025-03-28,55177.0
105215.0,달려,2025-04-12,32329.0,1170,0.0,-1,0.0,2025-03-29,64318.0
105215.0,달려,2025-04-13,33855.0,1526,13470.0,13470,180.0,2025-04-12,0.0
105215.0,달려,2025-04-14,34906.0,1051,22496.0,9026,150.0,2025-04-13,13470.0
105215.0,달려,2025-04-15,34996.0,90,22496.0,0,90.0,2025-04-14,22496.0
105215.0,달려,2025-04-16,36535.0,1539,36102.0,13606,180.0,2025-04-15,22496.0
372401.0,더브리,2025-02-08,11388.0,-1,0.0,-1,0.0,,
372401.0,더브리,2025-02-09,12563.0,1175,9958.0,9958,180.0,2025-02-08,0.0
372401.0,더브리,2025-02-10,13770.0,1207,20238.0,10280,180.0,2025-02-09,9958.0
372401.0,더브리,2025-02-11,15064.0,1294,31400.0,11162,180.0,2025-02-10,20238.0
372401.0,더브리,2025-02-12,16342.0,1278,42395.0,10995,180.0,2025-02-11,31400.0
372401.0,더브리,2025-02-13,17603.0,1261,53225.0,10830,180.0,2025-02-12,42395.0
372401.0,더브리,2025-02-14,18932.0,1329,64730.0,11505,180.0,2025-02-13,53225.0
372401.0,더브리,2025-02-15,20206.0,1274,75682.0,10952,180.0,2025-02-14,64730.0
372401.0,더브리,2025-03-01,21466.0,1260,0.0,-1,0.0,2025-02-15,75682.0
372401.0,더브리,2025-03-02,22706.0,1240,10611.0,10611,180.0,2025-03-01,0.0
372401.0,더브리,2025-03-03,23890.0,1184,20668.0,10057,180.0,2025-03-02,10611.0
372401.0,더브리,2025-03-04,25138.0,1248,31361.0,10693,180.0,2025-03-03,20668.0
372401.0,더브리,2025-03-05,26274.0,1136,40930.0,9569,180.0,2025-03-04,31361.0
372401.0,더브리,2025-03-06,27537.0,1263,51774.0,10844,180.0,2025-03-05,40930.0
372401.0,더브리,2025-03-07,28811.0,1274,62738.0,10964,180.0,2025-03-06,51774.0
372401.0,더브리,2025-03-08,30038.0,1227,73223.0,10485,180.0,2025-03-07,62738.0
372401.0,더브리,2025-03-22,31298.0,1260,0.0,-1,0.0,2025-03-08,73223.0
372401.0,더브리,2025-03-23,32813.0,1515,13362.0,13362,180.0,2025-03-22,0.0
372401.0,더브리,2025-03-24,34333.0,1520,26784.0,13422,180.0,2025-03-23,13362.0
372401.0,더브리,2025-03-25,35886.0,1553,40532.0,13748,180.0,2025-03-24,26784.0
372401.0,더브리,2025-03-26,37443.0,1557,54311.0,13779,180.0,2025-03-25,40532.0
372401.0,더브리,2025-03-27,38986.0,1543,67946.0,13635,180.0,2025-03-26,54311.0
372401.0,더브리,2025-03-28,40542.0,1556,81715.0,13769,180.0,2025-03-27,67946.0
372401.0,더브리,2025-03-29,41635.0,1093,91158.0,9443,150.0,2025-03-28,81715.0
372401.0,더브리,2025-04-12,42895.0,1260,0.0,-1,0.0,2025-03-29,91158.0
372401.0,더브리,2025-04-13,44491.0,1596,14187.0,14187,180.0,2025-04-12,0.0
372401.0,더브리,2025-04-14,46087.0,1596,28374.0,14187,180.0,2025-04-13,14187.0
372401.0,더브리,2025-04-15,47683.0,1596,42561.0,14187,180.0,2025-04-14,28374.0
372401.0,더브리,2025-04-16,49279.0,1596,56748.0,14187,180.0,2025-04-15,42561.0
278406.0,델타,2025-02-08,7350.0,-1,0.0,-1,0.0,,
278406.0,델타,2025-02-09,7921.0,571,4221.0,4221,150.0,2025-02-08,0.0
278406.0,델타,2025-02-10,8539.0,618,8917.0,4696,150.0,2025-02-09,4221.0
278406.0,델타,2025-02-11,9160.0,621,13637.0,4720,150.0,2025-02-10,8917.0
278406.0,델타,2025-02-12,9761.0,601,18157.0,4520,150.0,2025-02-11,13637.0
278406.0,델타,2025-02-13,10380.0,619,22853.0,4696,150.0,2025-02-12,18157.0
278406.0,델타,2025-02-14,11044.0,664,28002.0,5149,150.0,2025-02-13,22853.0
278406.0,델타,2025-02-15,11671.0,627,32779.0,4777,150.0,2025-02-14,28002.0
278406.0,델타,2025-03-01,12931.0,1260,0.0,-1,0.0,2025-02-15,32779.0
278406.0,델타,2025-03-02,13463.0,532,3837.0,3837,150.0,2025-03-01,0.0
278406.0,델타,2025-03-03,14342.0,879,10844.0,7007,180.0,2025-03-02,3837.0
278406.0,델타,2025-03-04,15225.0,883,17886.0,7042,180.0,2025-03-03,10844.0
278406.0,델타,2025-03-05,16105.0,880,24899.0,7013,180.0,2025-03-04,17886.0
278406.0,델타,2025-03-06,17075.0,970,32813.0,7914,180.0,2025-03-05,24899.0
278406.0,델타,2025-03-07,18008.0,933,40354.0,7541,180.0,2025-03-06,32813.0
278406.0,델타,2025-03-08,18969.0,961,48186.0,7832,180.0,2025-03-07,40354.0
278406.0,델타,2025-03-22,20229.0,1260,0.0,-1,0.0,2025-03-08,48186.0
278406.0,델타,2025-03-23,21168.0,939,7902.0,7902,150.0,2025-03-22,0.0
278406.0,델타,2025-03-24,22145.0,977,16178.0,8276,150.0,2025-03-23,7902.0
278406.0,델타,2025-03-25,23121.0,976,24445.0,8267,150.0,2025-03-24,16178.0
278406.0,델타,2025-03-26,24091.0,970,32657.0,8212,150.0,2025-03-25,24445.0
278406.0,델타,2025-03-27,25071.0,980,40971.0,8314,150.0,2025-03-26,32657.0
278406.0,델타,2025-03-28,26065.0,994,49418.0,8447,150.0,2025-03-27,40971.0
278406.0,델타,2025-03-29,27039.0,974,57673.0,8255,150.0,2025-03-28,49418.0
278406.0,델타,2025-04-12,28299.0,1260,0.0,-1,0.0,2025-03-29,57673.0
278406.0,델타,2025-04-13,29352.0,1053,9000.0,9000,150.0,2025-04-12,0.0
278406.0,델타,2025-04-14,30433.0,1081,18357.0,9357,150.0,2025-04-13,9000.0
278406.0,델타,2025-04-15,31498.0,1065,27517.0,9160,150.0,2025-04-14,18357.0
278406.0,델타,2025-04-16,32566.0,1068,36711.0,9194,150.0,2025-04-15,27517.0
3192182.0,레티시어,2025-03-22,720.0,-1,0.0,-1,0.0,,
3192182.0,레티시어,2025-03-23,2101.0,1381,12025.0,12025,180.0,2025-03-22,0.0
3192182.0,레티시어,2025-03-24,3457.0,1356,23795.0,11770,180.0,2025-03-23,12025.0
3192182.0,레티시어,2025-03-25,4881.0,1424,36250.0,12455,180.0,2025-03-24,23795.0
3192182.0,레티시어,2025-03-26,6288.0,1407,48528.0,12278,180.0,2025-03-25,36250.0
3192182.0,레티시어,2025-03-27,7700.0,1412,60863.0,12335,180.0,2025-03-26,48528.0
3192182.0,레티시어,2025-03-28,9130.0,1430,73386.0,12523,180.0,2025-03-27,60863.0
3192182.0,레티시어,2025-03-29,10605.0,1475,86352.0,12966,180.0,2025-03-28,73386.0
3192182.0,레티시어,2025-04-12,11865.0,1260,0.0,-1,0.0,2025-03-29,86352.0
3192182.0,레티시어,2025-04-13,13304.0,1439,12600.0,12600,180.0,2025-04-12,0.0
3192182.0,레티시어,2025-04-14,14774.0,1470,25532.0,12932,180.0,2025-04-13,12600.0
3192182.0,레티시어,2025-04-15,16261.0,1487,38621.0,13089,180.0,2025-04-14,25532.0
3192182.0,레티시어,2025-04-16,17726.0,1465,51481.0,12860,180.0,2025-04-15,38621.0
283659.0,리아,2025-02-08,6325.0,-1,0.0,-1,0.0,,
283659.0,리아,2025-02-09,6947.0,622,4733.0,4733,150.0,2025-02-08,0.0
283659.0,리아,2025-02-10,7588.0,641,9652.0,4919,150.0,2025-02-09,4733.0
283659.0,리아,2025-02-11,8488.0,900,16869.0,7217,180.0,2025-02-10,9652.0
283659.0,리아,2025-02-12,9325.0,837,23460.0,6591,180.0,2025-02-11,16869.0
283659.0,리아,2025-02-13,9985.0,660,28567.0,5107,150.0,2025-02-12,23460.0
283659.0,리아,2025-02-14,10633.0,648,33556.0,4989,150.0,2025-02-13,28567.0
283659.0,리아,2025-02-15,11288.0,655,38616.0,5060,150.0,2025-02-14,33556.0
283659.0,리아,2025-03-01,12458.0,1170,0.0,-1,0.0,2025-02-15,38616.0
283659.0,리아,2025-03-02,13317.0,859,6801.0,6801,180.0,2025-03-01,0.0
283659.0,리아,2025-03-03,14173.0,856,13576.0,6775,180.0,2025-03-02,6801.0
283659.0,리아,2025-03-04,15004.0,831,20102.0,6526,180.0,2025-03-03,13576.0
283659.0,리아,2025-03-05,15785.0,781,26124.0,6022,180.0,2025-03-04,20102.0
283659.0,리아,2025-03-06,16628.0,843,32765.0,6641,180.0,2025-03-05,26124.0
283659.0,리아,2025-03-07,17474.0,846,39437.0,6672,180.0,2025-03-06,32765.0
283659.0,리아,2025-03-08,18398.0,924,46890.0,7453,180.0,2025-03-07,39437.0
283659.0,리아,2025-03-22,19658.0,1260,0.0,-1,0.0,2025-03-08,46890.0
283659.0,리아,2025-03-23,20581.0,923,7735.0,7735,150.0,2025-03-22,0.0
283659.0,리아,2025-03-24,21453.0,872,14973.0,7238,150.0,2025-03-23,7735.0
283659.0,리아,2025-03-25,22311.0,858,22053.0,7080,150.0,2025-03-24,14973.0
283659.0,리아,2025-03-26,23176.0,865,29207.0,7154,150.0,2025-03-25,22053.0
283659.0,리아,2025-03-27,24032.0,856,36276.0,7069,150.0,2025-03-26,29207.0
283659.0,리아,2025-03-28,24894.0,862,43407.0,7131,150.0,2025-03-27,36276.0
283659.0,리아,2025-03-29,25826.0,932,51233.0,7826,150.0,2025-03-28,43407.0
283659.0,리아,2025-04-12,27086.0,1260,0.0,-1,0.0,2025-03-29,51233.0
283659.0,리아,2025-04-13,28007.0,921,7715.0,7715,150.0,2025-04-12,0.0
283659.0,리아,2025-04-14,28883.0,876,14990.0,7275,150.0,2025-04-13,7715.0
283659.0,리아,2025-04-15,29771.0,888,22377.0,7387,150.0,2025-04-14,14990.0
283659.0,리아,2025-04-16,30657.0,886,29745.0,7368,150.0,2025-04-15,22377.0
60896.0,몽별짱,2025-03-22,900.0,-1,0.0,-1,0.0,,
60896.0,몽별짱,2025-03-23,2329.0,1429,12501.0,12501,180.0,2025-03-22,0.0
60896.0,몽별짱,2025-03-24,3340.0,1011,21122.0,8621,150.0,2025-03-23,12501.0
60896.0,몽별짱,2025-03-25,4357.0,1017,29797.0,8675,150.0,2025-03-24,21122.0
60896.0,몽별짱,2025-03-26,5359.0,1002,38328.0,8531,150.0,2025-03-25,29797.0
60896.0,몽별짱,2025-03-27,6365.0,1006,46892.0,8564,150.0,2025-03-26,38328.0
60896.0,몽별짱,2025-03-28,7823.0,1458,59684.0,12792,180.0,2025-03-27,46892.0
60896.0,몽별짱,2025-03-29,9327.0,1504,72937.0,13253,180.0,2025-03-28,59684.0
60896.0,몽별짱,2025-04-12,10587.0,1260,0.0,-1,0.0,2025-03-29,72937.0
60896.0,몽별짱,2025-04-13,11651.0,1064,9099.0,9099,150.0,2025-04-12,0.0
60896.0,몽별짱,2025-04-14,12706.0,1055,18198.0,9099,150.0,2025-04-13,9099.0
60896.0,몽별짱,2025-04-15,13770.0,1064,27354.0,9156,150.0,2025-04-14,18198.0
60896.0,몽별짱,2025-04-16,15281.0,1511,40676.0,13322,180.0,2025-04-15,27354.0
11504.0,베오바흐터,2025-02-08,7350.0,-1,0.0,-1,0.0,,
11504.0,베오바흐터,2025-02-09,7970.0,620,4706.0,4706,150.0,2025-02-08,0.0
11504.0,베오바흐터,2025-02-10,8610.0,640,9620.0,4914,150.0,2025-02-09,4706.0
11504.0,베오바흐터,2025-02-11,9270.0,660,14731.0,5111,150.0,2025-02-10,9620.0
11504.0,베오바흐터,2025-02-12,9939.0,669,19926.0,5195,150.0,2025-02-11,14731.0
11504.0,베오바흐터,2025-02-13,10623.0,684,25274.0,5348,150.0,2025-02-12,19926.0
11504.0,베오바흐터,2025-02-14,11394.0,771,31491.0,6217,150.0,2025-02-13,25274.0
11504.0,베오바흐터,2025-02-15,12073.0,679,36788.0,5297,150.0,2025-02-14,31491.0
11504.0,베오바흐터,2025-03-01,13333.0,1260,0.0,-1,0.0,2025-02-15,36788.0
11504.0,베오바흐터,2025-03-02,14075.0,742,5631.0,5631,180.0,2025-03-01,0.0
11504.0,베오바흐터,2025-03-03,14826.0,751,11351.0,5720,180.0,2025-03-02,5631.0
11504.0,베오바흐터,2025-03-04,15612.0,786,17429.0,6078,180.0,2025-03-03,11351.0
11504.0,베오바흐터,2025-03-05,16383.0,771,23347.0,5918,180.0,2025-03-04,17429.0
11504.0,베오바흐터,2025-03-06,17169.0,786,29417.0,6070,180.0,2025-03-05,23347.0
11504.0,베오바흐터,2025-03-07,18041.0,872,36344.0,6927,180.0,2025-03-06,29417.0
11504.0,베오바흐터,2025-03-08,18867.0,826,42816.0,6472,180.0,2025-03-07,36344.0
11504.0,베오바흐터,2025-03-22,20127.0,1260,0.0,-1,0.0,2025-03-08,42816.0
11504.0,베오바흐터,2025-03-23,21040.0,913,7635.0,7635,150.0,2025-03-22,0.0
11504.0,베오바흐터,2025-03-24,22011.0,971,15852.0,8217,150.0,2025-03-23,7635.0
11504.0,베오바흐터,2025-03-25,23000.0,989,24257.0,8405,150.0,2025-03-24,15852.0
11504.0,베오바흐터,2025-03-26,23975.0,975,32519.0,8262,150.0,2025-03-25,24257.0
11504.0,베오바흐터,2025-03-27,24958.0,983,40858.0,8339,150.0,2025-03-26,32519.0
11504.0,베오바흐터,2025-03-28,25942.0,984,49204.0,8346,150.0,2025-03-27,40858.0
11504.0,베오바흐터,2025-03-29,26961.0,1019,57901.0,8697,150.0,2025-03-28,49204.0
11504.0,베오바흐터,2025-04-12,28221.0,1260,0.0,-1,0.0,2025-03-29,57901.0
11504.0,베오바흐터,2025-04-13,29245.0,1024,8720.5,8720,150.0,2025-04-12,0.0
11504.0,베오바흐터,2025-04-14,30264.0,1019,17441.0,8720,150.0,2025-04-13,8720.5
11504.0,베오바흐터,2025-04-15,31300.0,1036,26312.0,8871,150.0,2025-04-14,17441.0
11504.0,베오바흐터,2025-04-16,32315.0,1015,34971.0,8659,150.0,2025-04-15,26312.0
2281763.0,부굥,2025-02-08,1080.0,-1,0.0,-1,0.0,,
2281763.0,부굥,2025-02-09,1962.0,882,7039.0,7039,180.0,2025-02-08,0.0
2281763.0,부굥,2025-02-10,2931.0,969,14945.0,7906,180.0,2025-02-09,7039.0
2281763.0,부굥,2025-02-11,3777.0,846,21617.0,6672,180.0,2025-02-10,14945.0
2281763.0,부굥,2025-02-12,4748.0,971,29537.0,7920,180.0,2025-02-11,21617.0
2281763.0,부굥,2025-02-13,5693.0,945,37201.0,7664,180.0,2025-02-12,29537.0
2281763.0,부굥,2025-02-14,6704.0,1011,45528.0,8327,180.0,2025-02-13,37201.0
2281763.0,부굥,2025-02-15,7654.0,950,53236.0,7708,180.0,2025-02-14,45528.0
2281763.0,부굥,2025-03-01,8914.0,1260,0.0,-1,0.0,2025-02-15,53236.0
2281763.0,부굥,2025-03-02,9793.0,879,7006.0,7006,180.0,2025-03-01,0.0
2281763.0,부굥,2025-03-03,10746.0,953,14751.0,7745,180.0,2025-03-02,7006.0
2281763.0,부굥,2025-03-04,11737.0,991,22866.0,8115,180.0,2025-03-03,14751.0
2281763.0,부굥,2025-03-05,12663.0,926,30340.0,7474,180.0,2025-03-04,22866.0
2281763.0,부굥,2025-03-06,13677.0,1014,38687.0,8347,180.0,2025-03-05,30340.0
2281763.0,부굥,2025-03-07,14674.0,997,46869.0,8182,180.0,2025-03-06,38687.0
2281763.0,부굥,2025-03-08,15662.0,988,54965.0,8096,180.0,2025-03-07,46869.0
2281763.0,부굥,2025-03-22,16842.0,1180,0.0,-1,0.0,2025-03-08,54965.0
2281763.0,부굥,2025-03-23,18289.0,1447,12680.0,12680,180.0,2025-03-22,0.0
2281763.0,부굥,2025-03-24,19749.0,1460,25486.0,12806,180.0,2025-03-23,12680.0
2281763.0,부굥,2025-03-25,21227.0,1478,38482.0,12996,180.0,2025-03-24,25486.0
2281763.0,부굥,2025-03-26,22697.0,1470,51402.0,12920,180.0,2025-03-25,38482.0
2281763.0,부굥,2025-03-27,24175.0,1478,64395.0,12993,180.0,2025-03-26,51402.0
2281763.0,부굥,2025-03-28,25694.0,1519,77798.0,13403,180.0,2025-03-27,64395.0
2281763.0,부굥,2025-03-29,27247.0,1553,91542.0,13744,180.0,2025-03-28,77798.0
2281763.0,부굥,2025-04-12,28507.0,1260,0.0,-1,0.0,2025-03-29,91542.0
2281763.0,부굥,2025-04-13,30067.0,1560,13817.0,13817,180.0,2025-04-12,0.0
2281763.0,부굥,2025-04-14,31639.0,1572,27757.0,13940,180.0,2025-04-13,13817.0
2281763.0,부굥,2025-04-15,33216.0,1577,41752.0,13995,180.0,2025-04-14,27757.0
2281763.0,부굥,2025-04-16,34775.0,1559,55559.0,13807,180.0,2025-04-15,41752.0
576867.0,붉은황새,2025-02-08,900.0,-1,0.0,-1,0.0,,
576867.0,붉은황새,2025-02-09,1618.0,718,5695.0,5695,150.0,2025-02-08,0.0
576867.0,붉은황새,2025-02-10,2342.0,724,11446.0,5751,150.0,2025-02-09,5695.0
576867.0,붉은황새,2025-02-11,3079.0,737,17329.0,5883,150.0,2025-02-10,11446.0
576867.0,붉은황새,2025-02-12,3789.0,710,22938.0,5609,150.0,2025-02-11,17329.0
576867.0,붉은황새,2025-02-13,4561.0,772,29167.0,6229,150.0,2025-02-12,22938.0
576867.0,붉은황새,2025-02-14,5339.0,778,35454.0,6287,150.0,2025-02-13,29167.0
576867.0,붉은황새,2025-02-15,6059.0,720,41164.0,5710,150.0,2025-02-14,35454.0
576867.0,붉은황새,2025-03-01,7319.0,1260,0.0,-1,0.0,2025-02-15,41164.0
576867.0,붉은황새,2025-03-02,8219.0,900,7207.0,7207,180.0,2025-03-01,0.0
576867.0,붉은황새,2025-03-03,9099.0,880,14219.0,7012,180.0,2025-03-02,7207.0
576867.0,붉은황새,2025-03-04,10040.0,941,21846.0,7627,180.0,2025-03-03,14219.0
576867.0,붉은황새,2025-03-05,10930.0,890,28954.0,7108,180.0,2025-03-04,21846.0
576867.0,붉은황새,2025-03-06,11872.0,942,36575.0,7621,180.0,2025-03-05,28954.0
576867.0,붉은황새,2025-03-07,12832.0,960,44381.0,7806,180.0,2025-03-06,36575.0
576867.0,붉은황새,2025-03-08,13742.0,910,51701.0,7320,180.0,2025-03-07,44381.0
576867.0,붉은황새,2025-03-22,15002.0,1260,0.0,-1,0.0,2025-03-08,51701.0
576867.0,붉은황새,2025-03-23,16336.0,1334,11558.0,11558,180.0,2025-03-22,0.0
576867.0,붉은황새,2025-03-24,17758.0,1422,23986.0,12428,180.0,2025-03-23,11558.0
576867.0,붉은황새,2025-03-25,18774.0,1016,32653.0,8667,150.0,2025-03-24,23986.0
576867.0,붉은황새,2025-03-26,20196.0,1422,45088.0,12435,180.0,2025-03-25,32653.0
576867.0,붉은황새,2025-03-27,21611.0,1415,57444.0,12356,180.0,2025-03-26,45088.0
576867.0,붉은황새,2025-03-28,23031.0,1420,69865.0,12421,180.0,2025-03-27,57444.0
576867.0,붉은황새,2025-03-29,24520.0,1489,82969.0,13104,180.0,2025-03-28,69865.0
576867.0,붉은황새,2025-04-12,25780.0,1260,0.0,-1,0.0,2025-03-29,82969.0
576867.0,붉은황새,2025-04-13,26842.0,1062,9123.0,9123,150.0,2025-04-12,0.0
576867.0,붉은황새,2025-04-14,27910.0,1068,18312.0,9189,150.0,2025-04-13,9123.0
576867.0,붉은황새,2025-04-15,28972.0,1062,27443.0,9131,150.0,2025-04-14,18312.0
576867.0,붉은황새,2025-04-16,29062.0,90,27443.0,0,90.0,2025-04-15,27443.0
1914746.0,붕어빵,2025-03-01,1080.0,-1,0.0,-1,0.0,,
1914746.0,붕어빵,2025-03-02,2068.0,988,8097.0,8097,180.0,2025-03-01,0.0
1914746.0,붕어빵,2025-03-03,3160.0,1092,17231.0,9134,180.0,2025-03-02,8097.0
1914746.0,붕어빵,2025-03-04,4298.0,1138,26824.0,9593,180.0,2025-03-03,17231.0
1914746.0,붕어빵,2025-03-05,5442.0,1144,36484.0,9660,180.0,2025-03-04,26824.0
1914746.0,붕어빵,2025-03-06,6635.0,1193,46633.0,10149,180.0,2025-03-05,36484.0
1914746.0,붕어빵,2025-03-07,7844.0,1209,56935.0,10302,180.0,2025-03-06,46633.0
1914746.0,붕어빵,2025-03-08,8997.0,1153,66679.0,9744,180.0,2025-03-07,56935.0
188608.0,설윤,2025-03-01,1170.0,-1,0.0,-1,0.0,,
188608.0,설윤,2025-03-02,2169.0,999,8203.0,8203,180.0,2025-03-01,0.0
188608.0,설윤,2025-03-03,3171.0,1002,16431.0,8228,180.0,2025-03-02,8203.0
188608.0,설윤,2025-03-04,4235.0,1064,25278.0,8847,180.0,2025-03-03,16431.0
188608.0,설윤,2025-03-05,5244.0,1009,33587.0,8309,180.0,2025-03-04,25278.0
188608.0,설윤,2025-03-06,6320.0,1076,42556.0,8969,180.0,2025-03-05,33587.0
188608.0,설윤,2025-03-07,7430.0,1110,51873.0,9317,180.0,2025-03-06,42556.0
188608.0,설윤,2025-03-08,8449.0,1019,60276.0,8403,180.0,2025-03-07,51873.0
188608.0,설윤,2025-03-22,9709.0,1260,0.0,-1,0.0,2025-03-08,60276.0
188608.0,설윤,2025-03-23,10729.0,1020,8707.0,8707,150.0,2025-03-22,0.0
188608.0,설윤,2025-03-24,11756.0,1027,17491.0,8784,150.0,2025-03-23,8707.0
188608.0,설윤,2025-03-25,12790.0,1034,26333.0,8842,150.0,2025-03-24,17491.0
188608.0,설윤,2025-03-26,13817.0,1027,35112.0,8779,150.0,2025-03-25,26333.0
188608.0,설윤,2025-03-27,14851.0,1034,43955.0,8843,150.0,2025-03-26,35112.0
188608.0,설윤,2025-03-28,15890.0,1039,52858.0,8903,150.0,2025-03-27,43955.0
188608.0,설윤,2025-03-29,16955.0,1065,62020.0,9162,150.0,2025-03-28,52858.0
188608.0,설윤,2025-04-12,18215.0,1260,0.0,-1,0.0,2025-03-29,62020.0
188608.0,설윤,2025-04-13,19290.0,1075,9268.0,9268,150.0,2025-04-12,0.0
188608.0,설윤,2025-04-14,20365.0,1075,18533.0,9265,150.0,2025-04-13,9268.0
188608.0,설윤,2025-04-15,21454.0,1089,27932.0,9399,150.0,2025-04-14,18533.0
188608.0,설윤,2025-04-16,22527.0,1073,37175.0,9243,150.0,2025-04-15,27932.0
410091.0,시스,2025-02-08,11609.0,-1,0.0,-1,0.0,,
410091.0,시스,2025-02-09,12711.0,1102,9234.0,9234,180.0,2025-02-08,0.0
410091.0,시스,2025-02-10,13826.0,1115,18579.0,9345,180.0,2025-02-09,9234.0
410091.0,시스,2025-02-11,14940.0,1114,27956.0,9377,180.0,2025-02-10,18579.0
410091.0,시스,2025-02-12,16038.0,1098,37162.0,9206,180.0,2025-02-11,27956.0
410091.0,시스,2025-02-13,17151.0,1113,46505.0,9343,180.0,2025-02-12,37162.0
410091.0,시스,2025-02-14,18349.0,1198,56698.0,10193,180.0,2025-02-13,46505.0
410091.0,시스,2025-02-15,19487.0,1138,66279.0,9581,180.0,2025-02-14,56698.0
410091.0,시스,2025-03-01,20745.0,1258,0.0,-1,0.0,2025-02-15,66279.0
410091.0,시스,2025-03-02,21861.0,1116,9379.0,9379,180.0,2025-03-01,0.0
410091.0,시스,2025-03-03,22983.0,1122,18822.0,9443,180.0,2025-03-02,9379.0
410091.0,시스,2025-03-04,24164.0,1181,28840.0,10018,180.0,2025-03-03,18822.0
410091.0,시스,2025-03-05,25279.0,1115,38210.0,9370,180.0,2025-03-04,28840.0
410091.0,시스,2025-03-06,26490.0,1211,48533.0,10323,180.0,2025-03-05,38210.0
410091.0,시스,2025-03-07,27694.0,1204,58792.0,10259,180.0,2025-03-06,48533.0
410091.0,시스,2025-03-08,28878.0,1184,68846.0,10054,180.0,2025-03-07,58792.0
410091.0,시스,2025-03-22,30138.0,1260,0.0,-1,0.0,2025-03-08,68846.0
410091.0,시스,2025-03-23,31623.0,1485,13062.0,13062,180.0,2025-03-22,0.0
410091.0,시스,2025-03-24,33122.0,1499,26273.0,13211,180.0,2025-03-23,13062.0
410091.0,시스,2025-03-25,34608.0,1486,39344.0,13071,180.0,2025-03-24,26273.0
410091.0,시스,2025-03-26,36115.0,1507,52632.0,13288,180.0,2025-03-25,39344.0
410091.0,시스,2025-03-27,37633.0,1518,66034.0,13402,180.0,2025-03-26,52632.0
410091.0,시스,2025-03-28,39166.0,1533,79574.0,13540,180.0,2025-03-27,66034.0
410091.0,시스,2025-03-29,40831.0,1665,93549.0,13975,270.0,2025-03-28,79574.0
410091.0,시스,2025-04-12,42091.0,1260,0.0,-1,0.0,2025-03-29,93549.0
410091.0,시스,2025-04-13,43667.0,1576,13982.0,13982,180.0,2025-04-12,0.0
410091.0,시스,2025-04-14,45256.0,1589,28085.0,14103,180.0,2025-04-13,13982.0
410091.0,시스,2025-04-15,46848.0,1592,42228.0,14143,180.0,2025-04-14,28085.0
410091.0,시스,2025-04-16,48347.0,1499,56340.0,14112,90.0,2025-04-15,42228.0
10495.0,아리아,2025-02-08,0.0,-1,0.0,-1,0.0,,
10495.0,아리아,2025-02-09,552.0,552,4029.0,4029,150.0,2025-02-08,0.0
10495.0,아리아,2025-02-10,1185.0,633,8865.0,4836,150.0,2025-02-09,4029.0
10495.0,아리아,2025-02-11,1826.0,641,13783.0,4918,150.0,2025-02-10,8865.0
10495.0,아리아,2025-02-12,2495.0,669,18976.0,5193,150.0,2025-02-11,13783.0
10495.0,아리아,2025-02-13,3355.0,860,25794.0,6818,180.0,2025-02-12,18976.0
10495.0,아리아,2025-02-14,4057.0,702,31321.0,5527,150.0,2025-02-13,25794.0
10495.0,아리아,2025-02-15,4736.0,679,36621.0,5300,150.0,2025-02-14,31321.0
10495.0,아리아,2025-03-01,5996.0,1260,0.0,-1,0.0,2025-02-15,36621.0
10495.0,아리아,2025-03-02,6791.0,795,6163.0,6163,180.0,2025-03-01,0.0
10495.0,아리아,2025-03-03,7749.0,958,13962.0,7799,180.0,2025-03-02,6163.0
10495.0,아리아,2025-03-04,8693.0,944,21621.0,7659,180.0,2025-03-03,13962.0
10495.0,아리아,2025-03-05,9652.0,959,29424.0,7803,180.0,2025-03-04,21621.0
10495.0,아리아,2025-03-06,10657.0,1005,37680.0,8256,180.0,2025-03-05,29424.0
10495.0,아리아,2025-03-07,11669.0,1012,46005.0,8325,180.0,2025-03-06,37680.0
10495.0,아리아,2025-03-08,12644.0,975,53958.0,7953,180.0,2025-03-07,46005.0
10495.0,아리아,2025-03-22,13904.0,1260,0.0,-1,0.0,2025-03-08,53958.0
10495.0,아리아,2025-03-23,14887.0,983,8343.0,8343,150.0,2025-03-22,0.0
10495.0,아리아,2025-03-24,15884.0,997,16823.0,8480,150.0,2025-03-23,8343.0
10495.0,아리아,2025-03-25,16871.0,987,25205.0,8382,150.0,2025-03-24,16823.0
10495.0,아리아,2025-03-26,17864.0,993,33641.0,8436,150.0,2025-03-25,25205.0
10495.0,아리아,2025-03-27,18862.0,998,42136.0,8495,150.0,2025-03-26,33641.0
10495.0,아리아,2025-03-28,19882.0,1020,50844.0,8708,150.0,2025-03-27,42136.0
10495.0,아리아,2025-03-29,20926.0,1044,59799.0,8955,150.0,2025-03-28,50844.0
10495.0,아리아,2025-04-12,22186.0,1260,0.0,-1,0.0,2025-03-29,59799.0
10495.0,아리아,2025-04-13,23235.0,1049,8997.0,8997,150.0,2025-04-12,0.0
10495.0,아리아,2025-04-14,24281.0,1046,17967.0,8970,150.0,2025-04-13,8997.0
10495.0,아리아,2025-04-15,25331.0,1050,26973.0,9006,150.0,2025-04-14,17967.0
10495.0,아리아,2025-04-16,26370.0,1039,35879.0,8906,150.0,2025-04-15,26973.0
285247.0,야임,2025-02-08,6747.0,-1,0.0,-1,0.0,,
285247.0,야임,2025-02-09,7668.0,921,7425.0,7425,180.0,2025-02-08,0.0
285247.0,야임,2025-02-10,8620.0,952,15150.0,7725,180.0,2025-02-09,7425.0
285247.0,야임,2025-02-11,9603.0,983,23196.0,8046,180.0,2025-02-10,15150.0
285247.0,야임,2025-02-12,10588.0,985,31267.0,8071,180.0,2025-02-11,23196.0
285247.0,야임,2025-02-13,11537.0,949,38977.0,7710,180.0,2025-02-12,31267.0
285247.0,야임,2025-02-14,12567.0,1030,47483.0,8506,180.0,2025-02-13,38977.0
285247.0,야임,2025-02-15,13556.0,989,55589.0,8106,180.0,2025-02-14,47483.0
285247.0,야임,2025-03-01,14816.0,1260,0.0,-1,0.0,2025-02-15,55589.0
285247.0,야임,2025-03-02,15723.0,907,7286.0,7286,180.0,2025-03-01,0.0
285247.0,야임,2025-03-03,16595.0,872,14222.0,6936,180.0,2025-03-02,7286.0
285247.0,야임,2025-03-04,17580.0,985,22285.0,8063,180.0,2025-03-03,14222.0
285247.0,야임,2025-03-05,18506.0,926,29756.0,7471,180.0,2025-03-04,22285.0
285247.0,야임,2025-03-06,19488.0,982,37786.0,8030,180.0,2025-03-05,29756.0
285247.0,야임,2025-03-07,20492.0,1004,46032.0,8246,180.0,2025-03-06,37786.0
285247.0,야임,2025-03-08,21438.0,946,53706.0,7674,180.0,2025-03-07,46032.0
285247.0,야임,2025-03-22,22698.0,1260,0.0,-1,0.0,2025-03-08,53706.0
285247.0,야임,2025-03-23,23651.0,953,8037.0,8037,150.0,2025-03-22,0.0
285247.0,야임,2025-03-24,24554.0,903,15571.0,7534,150.0,2025-03-23,8037.0
285247.0,야임,2025-03-25,25536.0,982,23909.0,8338,150.0,2025-03-24,15571.0
285247.0,야임,2025-03-26,26514.0,978,32202.0,8293,150.0,2025-03-25,23909.0
285247.0,야임,2025-03-27,27511.0,997,40674.0,8472,150.0,2025-03-26,32202.0
285247.0,야임,2025-03-28,28494.0,983,49006.0,8332,150.0,2025-03-27,40674.0
285247.0,야임,2025-03-29,29475.0,981,0.0,-49006,5880.0,2025-03-28,49006.0
285247.0,야임,2025-04-12,30735.0,1260,0.0,-1,0.0,2025-03-29,0.0
285247.0,야임,2025-04-13,31767.0,1032,8800.0,8800,150.0,2025-04-12,0.0
285247.0,야임,2025-04-14,32815.0,1048,17818.0,9018,150.0,2025-04-13,8800.0
285247.0,야임,2025-04-15,33853.0,1038,26703.0,8885,150.0,2025-04-14,17818.0
285247.0,야임,2025-04-16,34889.0,1036,35579.0,8876,150.0,2025-04-15,26703.0
208728.0,운요,2025-02-08,540.0,-1,0.0,-1,0.0,,
208728.0,운요,2025-02-09,1355.0,815,6659.0,6659,150.0,2025-02-08,0.0
208728.0,운요,2025-02-10,2184.0,829,13458.0,6799,150.0,2025-02-09,6659.0
208728.0,운요,2025-02-11,3019.0,835,20321.0,6863,150.0,2025-02-10,13458.0
208728.0,운요,2025-02-12,3863.0,844,27270.0,6949,150.0,2025-02-11,20321.0
208728.0,운요,2025-02-13,4671.0,808,33854.0,6584,150.0,2025-02-12,27270.0
208728.0,운요,2025-02-14,5543.0,872,41086.0,7232,150.0,2025-02-13,33854.0
208728.0,운요,2025-02-15,6382.0,839,47975.0,6889,150.0,2025-02-14,41086.0
208728.0,운요,2025-03-01,7642.0,1260,0.0,-1,0.0,2025-02-15,47975.0
208728.0,운요,2025-03-02,8676.0,1034,8555.0,8555,180.0,2025-03-01,0.0
208728.0,운요,2025-03-03,9727.0,1051,17283.0,8728,180.0,2025-03-02,8555.0
208728.0,운요,2025-03-04,10928.0,1201,27505.0,10222,180.0,2025-03-03,17283.0
208728.0,운요,2025-03-05,12069.0,1141,37127.0,9622,180.0,2025-03-04,27505.0
208728.0,운요,2025-03-06,13257.0,1188,47219.0,10092,180.0,2025-03-05,37127.0
208728.0,운요,2025-03-07,14466.0,1209,57517.0,10298,180.0,2025-03-06,47219.0
208728.0,운요,2025-03-08,15625.0,1159,67326.0,9809,180.0,2025-03-07,57517.0
208728.0,운요,2025-03-22,16885.0,1260,0.0,-1,0.0,2025-03-08,67326.0
208728.0,운요,2025-03-23,17928.0,1043,8934.0,8934,150.0,2025-03-22,0.0
208728.0,운요,2025-03-24,18979.0,1051,17953.0,9019,150.0,2025-03-23,8934.0
208728.0,운요,2025-03-25,20039.0,1060,27064.0,9111,150.0,2025-03-24,17953.0
208728.0,운요,2025-03-26,21101.0,1062,36187.0,9123,150.0,2025-03-25,27064.0
208728.0,운요,2025-03-27,22175.0,1074,45438.0,9251,150.0,2025-03-26,36187.0
208728.0,운요,2025-03-28,23246.0,1071,54656.0,9218,150.0,2025-03-27,45438.0
208728.0,운요,2025-03-29,24337.0,1091,64079.0,9423,150.0,2025-03-28,54656.0
208728.0,운요,2025-04-12,25597.0,1260,0.0,-1,0.0,2025-03-29,64079.0
208728.0,운요,2025-04-13,26691.0,1094,9458.0,9458,150.0,2025-04-12,0.0
208728.0,운요,2025-04-14,27785.0,1094,18916.0,9458,150.0,2025-04-13,9458.0
208728.0,운요,2025-04-15,28879.0,1094,28374.0,9458,150.0,2025-04-14,18916.0
208728.0,운요,2025-04-16,29970.0,1091,37832.0,9458,150.0,2025-04-15,28374.0
426187.0,이라세오날,2025-03-22,180.0,-1,0.0,-1,0.0,,
426187.0,이라세오날,2025-03-23,1413.0,1233,10542.0,10542,180.0,2025-03-22,0.0
426187.0,이라세오날,2025-03-24,2767.0,1354,22295.0,11753,180.0,2025-03-23,10542.0
426187.0,이라세오날,2025-03-25,4162.0,1395,34462.0,12167,180.0,2025-03-24,22295.0
426187.0,이라세오날,2025-03-26,5583.0,1421,46885.0,12423,180.0,2025-03-25,34462.0
426187.0,이라세오날,2025-03-27,6945.0,1362,58723.0,11838,180.0,2025-03-26,46885.0
426187.0,이라세오날,2025-03-28,8389.0,1444,71378.0,12655,180.0,2025-03-27,58723.0
426187.0,이라세오날,2025-03-29,9896.0,1507,84657.0,13279,180.0,2025-03-28,71378.0
426187.0,이라세오날,2025-04-12,11156.0,1260,0.0,-1,0.0,2025-03-29,84657.0
426187.0,이라세오날,2025-04-13,12679.0,1523,13450.0,13450,180.0,2025-04-12,0.0
426187.0,이라세오날,2025-04-14,14216.0,1537,27031.0,13581,180.0,2025-04-13,13450.0
426187.0,이라세오날,2025-04-15,15757.0,1541,40661.0,13630,180.0,2025-04-14,27031.0
426187.0,이라세오날,2025-04-16,17299.0,1542,54300.0,13639,180.0,2025-04-15,40661.0
502910.0,이유식실장기원,2025-02-08,6654.0,-1,0.0,-1,0.0,,
502910.0,이유식실장기원,2025-02-09,7645.0,991,8130.0,8130,180.0,2025-02-08,0.0
502910.0,이유식실장기원,2025-02-10,8642.0,997,16310.0,8180,180.0,2025-02-09,8130.0
502910.0,이유식실장기원,2025-02-11,9717.0,1075,25277.0,8967,180.0,2025-02-10,16310.0
502910.0,이유식실장기원,2025-02-12,10695.0,978,33268.0,7991,180.0,2025-02-11,25277.0
502910.0,이유식실장기원,2025-02-13,11638.0,943,40910.0,7642,180.0,2025-02-12,33268.0
502910.0,이유식실장기원,2025-02-14,12710.0,1072,49846.0,8936,180.0,2025-02-13,40910.0
502910.0,이유식실장기원,2025-02-15,13751.0,1041,58464.0,8618,180.0,2025-02-14,49846.0
502910.0,이유식실장기원,2025-03-01,15011.0,1260,0.0,-1,0.0,2025-02-15,58464.0
502910.0,이유식실장기원,2025-03-02,16032.0,1021,8426.0,8426,180.0,2025-03-01,0.0
502910.0,이유식실장기원,2025-03-03,17052.0,1020,16846.0,8420,180.0,2025-03-02,8426.0
502910.0,이유식실장기원,2025-03-04,18067.0,1015,25206.0,8360,180.0,2025-03-03,16846.0
502910.0,이유식실장기원,2025-03-05,19104.0,1037,33782.0,8576,180.0,2025-03-04,25206.0
502910.0,이유식실장기원,2025-03-06,20155.0,1051,42500.0,8718,180.0,2025-03-05,33782.0
502910.0,이유식실장기원,2025-03-07,21226.0,1071,51429.0,8929,180.0,2025-03-06,42500.0
502910.0,이유식실장기원,2025-03-08,22303.0,1077,60411.0,8982,180.0,2025-03-07,51429.0
502910.0,이유식실장기원,2025-03-22,23563.0,1260,0.0,-1,0.0,2025-03-08,60411.0
502910.0,이유식실장기원,2025-03-23,25005.0,1442,12633.0,12633,180.0,2025-03-22,0.0
502910.0,이유식실장기원,2025-03-24,26495.0,1490,25737.0,13104,180.0,2025-03-23,12633.0
502910.0,이유식실장기원,2025-03-25,27995.0,1500,38952.0,13215,180.0,2025-03-24,25737.0
502910.0,이유식실장기원,2025-03-26,29477.0,1482,51993.0,13041,180.0,2025-03-25,38952.0
502910.0,이유식실장기원,2025-03-27,30972.0,1495,65156.0,13163,180.0,2025-03-26,51993.0
502910.0,이유식실장기원,2025-03-28,32459.0,1487,78241.0,13085,180.0,2025-03-27,65156.0
502910.0,이유식실장기원,2025-03-29,34000.0,1541,91857.0,13616,180.0,2025-03-28,78241.0
502910.0,이유식실장기원,2025-04-12,35260.0,1260,0.0,-1,0.0,2025-03-29,91857.0
502910.0,이유식실장기원,2025-04-13,36825.0,1565,13864.0,13864,180.0,2025-04-12,0.0
502910.0,이유식실장기원,2025-04-14,38407.0,1582,27900.0,14036,180.0,2025-04-13,13864.0
502910.0,이유식실장기원,2025-04-15,39985.0,1578,41903.0,14003,180.0,2025-04-14,27900.0
502910.0,이유식실장기원,2025-04-16,41554.0,1569,55815.0,13912,180.0,2025-04-15,41903.0
426187.0,지휘관(빨댕이),2025-02-08,7350.0,-1,0.0,-1,0.0,,
426187.0,지휘관(빨댕이),2025-02-09,8071.0,721,5425.0,5425,180.0,2025-02-08,0.0
426187.0,지휘관(빨댕이),2025-02-10,8866.0,795,11593.0,6168,180.0,2025-02-09,5425.0
426187.0,지휘관(빨댕이),2025-02-11,9743.0,877,18575.0,6982,180.0,2025-02-10,11593.0
426187.0,지휘관(빨댕이),2025-02-12,10326.0,583,22909.0,4334,150.0,2025-02-11,18575.0
426187.0,지휘관(빨댕이),2025-02-13,10918.0,592,27338.0,4429,150.0,2025-02-12,22909.0
426187.0,지휘관(빨댕이),2025-02-14,11594.0,676,32608.0,5270,150.0,2025-02-13,27338.0
426187.0,지휘관(빨댕이),2025-02-15,12209.0,615,37268.0,4660,150.0,2025-02-14,32608.0
426187.0,지휘관(빨댕이),2025-03-01,13469.0,1260,0.0,-1,0.0,2025-02-15,37268.0
426187.0,지휘관(빨댕이),2025-03-02,14253.0,784,6049.0,6049,180.0,2025-03-01,0.0
426187.0,지휘관(빨댕이),2025-03-03,15016.0,763,11887.0,5838,180.0,2025-03-02,6049.0
426187.0,지휘관(빨댕이),2025-03-04,15881.0,865,18746.0,6859,180.0,2025-03-03,11887.0
426187.0,지휘관(빨댕이),2025-03-05,16700.0,819,25154.0,6408,180.0,2025-03-04,18746.0
426187.0,지휘관(빨댕이),2025-03-06,17506.0,806,31427.0,6273,180.0,2025-03-05,25154.0
426187.0,지휘관(빨댕이),2025-03-07,18358.0,852,38158.0,6731,180.0,2025-03-06,31427.0
426187.0,지휘관(빨댕이),2025-03-08,19197.0,839,44764.0,6606,180.0,2025-03-07,38158.0
12857.0,지휘관(수오미),2025-02-08,7366.0,-1,0.0,-1,0.0,,
12857.0,지휘관(수오미),2025-02-09,8130.0,764,6150.0,6150,150.0,2025-02-08,0.0
12857.0,지휘관(수오미),2025-02-10,8898.0,768,12338.0,6188,150.0,2025-02-09,6150.0
12857.0,지휘관(수오미),2025-02-11,9652.0,754,18385.0,6047,150.0,2025-02-10,12338.0
12857.0,지휘관(수오미),2025-02-12,10444.0,792,24816.0,6431,150.0,2025-02-11,18385.0
12857.0,지휘관(수오미),2025-02-13,11232.0,788,31198.0,6382,150.0,2025-02-12,24816.0
12857.0,지휘관(수오미),2025-02-14,12004.0,772,37426.0,6228,150.0,2025-02-13,31198.0
12857.0,지휘관(수오미),2025-02-15,12788.0,784,43780.0,6354,150.0,2025-02-14,37426.0
12857.0,지휘관(수오미),2025-03-01,14048.0,1260,0.0,-1,0.0,2025-02-15,43780.0
12857.0,지휘관(수오미),2025-03-02,14832.0,784,6350.0,6350,150.0,2025-03-01,0.0
12857.0,지휘관(수오미),2025-03-03,15567.0,735,12204.0,5854,150.0,2025-03-02,6350.0
12857.0,지휘관(수오미),2025-03-04,16330.0,763,18346.0,6142,150.0,2025-03-03,12204.0
12857.0,지휘관(수오미),2025-03-05,17053.0,723,24089.0,5743,150.0,2025-03-04,18346.0
12857.0,지휘관(수오미),2025-03-06,17797.0,744,30043.0,5954,150.0,2025-03-05,24089.0
12857.0,지휘관(수오미),2025-03-07,18550.0,753,36082.0,6039,150.0,2025-03-06,30043.0
12857.0,지휘관(수오미),2025-03-08,19348.0,798,0.0,-36082,4410.0,2025-03-07,36082.0
20810.0,지휘관(수오미),2025-03-22,630.0,-18718,0.0,-1,0.0,2025-03-08,0.0
20810.0,지휘관(수오미),2025-03-23,2041.0,1411,12332.0,12332,180.0,2025-03-22,0.0
20810.0,지휘관(수오미),2025-03-24,3467.0,1426,24805.0,12473,180.0,2025-03-23,12332.0
20810.0,지휘관(수오미),2025-03-25,4907.0,1440,37414.0,12609,180.0,2025-03-24,24805.0
20810.0,지휘관(수오미),2025-03-26,6333.0,1426,49894.0,12480,180.0,2025-03-25,37414.0
20810.0,지휘관(수오미),2025-03-27,7758.0,1425,62364.0,12470,180.0,2025-03-26,49894.0
20810.0,지휘관(수오미),2025-03-28,9207.0,1449,75100.0,12736,180.0,2025-03-27,62364.0
20810.0,지휘관(수오미),2025-03-29,10649.0,1442,87713.0,12613,180.0,2025-03-28,75100.0
20810.0,지휘관(수오미),2025-04-12,11909.0,1260,0.0,-1,0.0,2025-03-29,87713.0
20810.0,지휘관(수오미),2025-04-13,13422.0,1513,13340.0,13340,180.0,2025-04-12,0.0
20810.0,지휘관(수오미),2025-04-14,14933.0,1511,26680.0,13340,180.0,2025-04-13,13340.0
20810.0,지휘관(수오미),2025-04-15,16473.0,1540,40299.0,13619,180.0,2025-04-14,26680.0
20810.0,지휘관(수오미),2025-04-16,17994.0,1521,53716.0,13417,180.0,2025-04-15,40299.0
1320552.0,지휘관(와쟝),2025-02-08,9407.0,-1,0.0,-1,0.0,,
1320552.0,지휘관(와쟝),2025-02-09,10051.0,644,4651.0,4651,180.0,2025-02-08,0.0
1320552.0,지휘관(와쟝),2025-02-10,10141.0,90,4651.0,0,90.0,2025-02-09,4651.0
1320552.0,지휘관(와쟝),2025-02-11,10784.0,643,9294.0,4643,180.0,2025-02-10,4651.0
1320552.0,지휘관(와쟝),2025-02-12,11466.0,682,14321.0,5027,180.0,2025-02-11,9294.0
1320552.0,지휘관(와쟝),2025-02-13,12140.0,674,19270.0,4949,180.0,2025-02-12,14321.0
1320552.0,지휘관(와쟝),2025-02-14,12826.0,686,24337.0,5067,180.0,2025-02-13,19270.0
1320552.0,지휘관(와쟝),2025-02-15,13525.0,699,29537.0,5200,180.0,2025-02-14,24337.0
58406.0,지휘관(흥국),2025-03-22,140.0,-1,0.0,-1,0.0,,
58406.0,지휘관(흥국),2025-03-23,969.0,829,6794.0,6794,150.0,2025-03-22,0.0
58406.0,지휘관(흥국),2025-03-24,1784.0,815,13458.0,6664,150.0,2025-03-23,6794.0
58406.0,지휘관(흥국),2025-03-25,2757.0,973,21695.0,8237,150.0,2025-03-24,13458.0
58406.0,지휘관(흥국),2025-03-26,3735.0,978,29979.0,8284,150.0,2025-03-25,21695.0
58406.0,지휘관(흥국),2025-03-27,4717.0,982,38309.0,8330,150.0,2025-03-26,29979.0
58406.0,지휘관(흥국),2025-03-28,5699.0,982,46636.0,8327,150.0,2025-03-27,38309.0
58406.0,지휘관(흥국),2025-03-29,6713.0,1014,55289.0,8653,150.0,2025-03-28,46636.0
58406.0,지휘관(흥국),2025-04-12,7973.0,1260,0.0,-1,0.0,2025-03-29,55289.0
58406.0,지휘관(흥국),2025-04-13,8962.0,989,8400.0,8400,150.0,2025-04-12,0.0
58406.0,지휘관(흥국),2025-04-14,10008.0,1046,17765.0,9365,110.0,2025-04-13,8400.0
58406.0,지휘관(흥국),2025-04-15,11053.0,1045,26727.0,8962,150.0,2025-04-14,17765.0
58406.0,지휘관(흥국),2025-04-16,12094.0,1041,35650.0,8923,150.0,2025-04-15,26727.0
630222.0,지히간,2025-02-08,5440.0,-1,0.0,-1,0.0,,
630222.0,지히간,2025-02-09,6370.0,930,7510.0,7510,180.0,2025-02-08,0.0
630222.0,지히간,2025-02-10,7079.0,709,13104.0,5594,150.0,2025-02-09,7510.0
630222.0,지히간,2025-02-11,8150.0,1071,22024.0,8920,180.0,2025-02-10,13104.0
630222.0,지히간,2025-02-12,8920.0,770,28238.0,6214,150.0,2025-02-11,22024.0
630222.0,지히간,2025-02-13,9711.0,791,34657.0,6419,150.0,2025-02-12,28238.0
630222.0,지히간,2025-02-14,10496.0,785,41012.0,6355,150.0,2025-02-13,34657.0
630222.0,지히간,2025-02-15,11288.0,792,47434.0,6422,150.0,2025-02-14,41012.0
630222.0,지히간,2025-03-01,12548.0,1260,0.0,-1,0.0,2025-02-15,47434.0
630222.0,지히간,2025-03-02,13323.0,775,6261.0,6261,150.0,2025-03-01,0.0
630222.0,지히간,2025-03-03,14308.0,985,14334.0,8073,180.0,2025-03-02,6261.0
630222.0,지히간,2025-03-04,15304.0,996,22508.0,8174,180.0,2025-03-03,14334.0
630222.0,지히간,2025-03-05,16280.0,976,30478.0,7970,180.0,2025-03-04,22508.0
630222.0,지히간,2025-03-06,17278.0,998,38681.0,8203,180.0,2025-03-05,30478.0
630222.0,지히간,2025-03-07,18308.0,1030,47190.0,8509,180.0,2025-03-06,38681.0
630222.0,지히간,2025-03-08,19314.0,1006,55451.0,8261,180.0,2025-03-07,47190.0
630222.0,지히간,2025-03-22,20574.0,1260,0.0,-1,0.0,2025-03-08,55451.0
630222.0,지히간,2025-03-23,21542.0,968,8188.0,8188,150.0,2025-03-22,0.0
630222.0,지히간,2025-03-24,22530.0,988,16576.0,8388,150.0,2025-03-23,8188.0
630222.0,지히간,2025-03-25,23535.0,1005,25132.0,8556,150.0,2025-03-24,16576.0
630222.0,지히간,2025-03-26,24529.0,994,33574.0,8442,150.0,2025-03-25,25132.0
630222.0,지히간,2025-03-27,25543.0,1014,42222.0,8648,150.0,2025-03-26,33574.0
630222.0,지히간,2025-03-28,26554.0,1011,50842.0,8620,150.0,2025-03-27,42222.0
630222.0,지히간,2025-03-29,27602.0,1048,59832.0,8990,150.0,2025-03-28,50842.0
630222.0,지히간,2025-04-12,28862.0,1260,0.0,-1,0.0,2025-03-29,59832.0
630222.0,지히간,2025-04-13,29741.0,879,7301.0,7301,150.0,2025-04-12,0.0
630222.0,지히간,2025-04-14,30588.0,847,14276.0,6975,150.0,2025-04-13,7301.0
630222.0,지히간,2025-04-15,31485.0,897,21747.0,7471,150.0,2025-04-14,14276.0
630222.0,지히간,2025-04-16,31485.0,0,21747.0,0,0.0,2025-04-15,21747.0
1241905.0,직원A,2025-02-08,4920.0,-1,0.0,-1,0.0,,
1241905.0,직원A,2025-02-09,5916.0,996,8171.0,8171,180.0,2025-02-08,0.0
1241905.0,직원A,2025-02-10,6852.0,936,15747.0,7576,180.0,2025-02-09,8171.0
1241905.0,직원A,2025-02-11,7873.0,1021,24167.0,8420,180.0,2025-02-10,15747.0
1241905.0,직원A,2025-02-12,8850.0,977,32151.0,7984,180.0,2025-02-11,24167.0
1241905.0,직원A,2025-02-13,9907.0,1057,40944.0,8793,180.0,2025-02-12,32151.0
1241905.0,직원A,2025-02-14,10894.0,987,49034.0,8090,180.0,2025-02-13,40944.0
1241905.0,직원A,2025-02-15,11930.0,1036,57607.0,8573,180.0,2025-02-14,49034.0
1241905.0,직원A,2025-03-01,13190.0,1260,0.0,-1,0.0,2025-02-15,57607.0
1241905.0,직원A,2025-03-02,14155.0,965,7867.0,7867,180.0,2025-03-01,0.0
1241905.0,직원A,2025-03-03,15149.0,994,16026.0,8159,180.0,2025-03-02,7867.0
1241905.0,직원A,2025-03-04,16149.0,1000,24234.0,8208,180.0,2025-03-03,16026.0
1241905.0,직원A,2025-03-05,16565.0,416,27199.0,2965,120.0,2025-03-04,24234.0
1241905.0,직원A,2025-03-06,17558.0,993,35344.0,8145,180.0,2025-03-05,27199.0
1241905.0,직원A,2025-03-07,18594.0,1036,43919.0,8575,180.0,2025-03-06,35344.0
1241905.0,직원A,2025-03-08,19575.0,981,51943.0,8024,180.0,2025-03-07,43919.0
1241905.0,직원A,2025-03-22,20835.0,1260,0.0,-1,0.0,2025-03-08,51943.0
1241905.0,직원A,2025-03-23,22257.0,1422,12428.0,12428,180.0,2025-03-22,0.0
1241905.0,직원A,2025-03-24,23686.0,1429,24929.0,12501,180.0,2025-03-23,12428.0
1241905.0,직원A,2025-03-25,25118.0,1432,37470.0,12541,180.0,2025-03-24,24929.0
1241905.0,직원A,2025-03-26,26525.0,1407,49755.0,12285,180.0,2025-03-25,37470.0
1241905.0,직원A,2025-03-27,27970.0,1445,62427.0,12672,180.0,2025-03-26,49755.0
1241905.0,직원A,2025-03-28,29419.0,1449,75126.0,12699,180.0,2025-03-27,62427.0
1241905.0,직원A,2025-03-29,30925.0,1506,88406.0,13280,180.0,2025-03-28,75126.0
1241905.0,직원A,2025-04-12,32185.0,1260,0.0,-1,0.0,2025-03-29,88406.0
1241905.0,직원A,2025-04-13,33704.0,1519,13408.0,13408,180.0,2025-04-12,0.0
1241905.0,직원A,2025-04-14,35232.0,1528,26913.0,13505,180.0,2025-04-13,13408.0
1241905.0,직원A,2025-04-15,36771.0,1539,40516.0,13603,180.0,2025-04-14,26913.0
1241905.0,직원A,2025-04-16,38302.0,1531,54045.0,13529,180.0,2025-04-15,40516.0
2131202.0,체다치즈,2025-03-22,630.0,-1,0.0,-1,0.0,,
2131202.0,체다치즈,2025-03-23,1625.0,995,8465.0,8465,150.0,2025-03-22,0.0
2131202.0,체다치즈,2025-03-24,2619.0,994,16915.0,8450,150.0,2025-03-23,8465.0
2131202.0,체다치즈,2025-03-25,3628.0,1009,25514.0,8599,150.0,2025-03-24,16915.0
2131202.0,체다치즈,2025-03-26,4623.0,995,33979.0,8465,150.0,2025-03-25,25514.0
2131202.0,체다치즈,2025-03-27,5625.0,1002,42506.0,8527,150.0,2025-03-26,33979.0
2131202.0,체다치즈,2025-03-28,7098.0,1473,55447.0,12941,180.0,2025-03-27,42506.0
2131202.0,체다치즈,2025-03-29,7633.0,535,59597.0,4150,120.0,2025-03-28,55447.0
2131202.0,체다치즈,2025-04-12,8893.0,1260,0.0,-1,0.0,2025-03-29,59597.0
2131202.0,체다치즈,2025-04-13,9964.0,1071,9225.0,9225,150.0,2025-04-12,0.0
2131202.0,체다치즈,2025-04-14,11030.0,1066,18401.0,9176,150.0,2025-04-13,9225.0
2131202.0,체다치즈,2025-04-15,12110.0,1080,27711.0,9310,150.0,2025-04-14,18401.0
2131202.0,체다치즈,2025-04-16,13184.0,1074,36967.0,9256,150.0,2025-04-15,27711.0
41958.0,파아란,2025-02-08,0.0,-1,0.0,-1,0.0,,
41958.0,파아란,2025-02-09,587.0,587,4383.0,4383,150.0,2025-02-08,0.0
41958.0,파아란,2025-02-10,1187.0,600,8896.0,4513,150.0,2025-02-09,4383.0
41958.0,파아란,2025-02-11,1829.0,642,13823.0,4927,150.0,2025-02-10,8896.0
41958.0,파아란,2025-02-12,2487.0,658,18914.0,5091,150.0,2025-02-11,13823.0
41958.0,파아란,2025-02-13,3146.0,659,24021.0,5107,150.0,2025-02-12,18914.0
41958.0,파아란,2025-02-14,3751.0,605,28572.0,4551,150.0,2025-02-13,24021.0
41958.0,파아란,2025-02-15,4419.0,668,33759.0,5187,150.0,2025-02-14,28572.0
41958.0,파아란,2025-03-01,5679.0,1260,0.0,-1,0.0,2025-02-15,33759.0
41958.0,파아란,2025-03-02,6593.0,914,7352.0,7352,180.0,2025-03-01,0.0
41958.0,파아란,2025-03-03,7471.0,878,14349.0,6997,180.0,2025-03-02,7352.0
41958.0,파아란,2025-03-04,8432.0,961,22171.0,7822,180.0,2025-03-03,14349.0
41958.0,파아란,2025-03-05,9336.0,904,29418.0,7247,180.0,2025-03-04,22171.0
41958.0,파아란,2025-03-06,10318.0,982,37458.0,8040,180.0,2025-03-05,29418.0
41958.0,파아란,2025-03-07,11308.0,990,45565.0,8107,180.0,2025-03-06,37458.0
41958.0,파아란,2025-03-08,12253.0,945,53222.0,7657,180.0,2025-03-07,45565.0
41958.0,파아란,2025-03-22,13513.0,1260,0.0,-1,0.0,2025-03-08,53222.0
41958.0,파아란,2025-03-23,14458.0,945,7963.0,7963,150.0,2025-03-22,0.0
41958.0,파아란,2025-03-24,15426.0,968,16158.0,8195,150.0,2025-03-23,7963.0
41958.0,파아란,2025-03-25,16427.0,1001,24673.0,8515,150.0,2025-03-24,16158.0
41958.0,파아란,2025-03-26,17428.0,1001,33192.0,8519,150.0,2025-03-25,24673.0
41958.0,파아란,2025-03-27,18427.0,999,41696.0,8504,150.0,2025-03-26,33192.0
41958.0,파아란,2025-03-28,19430.0,1003,50232.0,8536,150.0,2025-03-27,41696.0
41958.0,파아란,2025-03-29,20448.0,1018,58922.0,8690,150.0,2025-03-28,50232.0
41958.0,파아란,2025-04-12,21708.0,1260,0.0,-1,0.0,2025-03-29,58922.0
41958.0,파아란,2025-04-13,21798.0,90,0.0,0,90.0,2025-04-12,0.0
41958.0,파아란,2025-04-14,23282.0,1484,13047.0,13047,180.0,2025-04-13,0.0
41958.0,파아란,2025-04-15,24775.0,1493,26188.0,13141,180.0,2025-04-14,13047.0
41958.0,파아란,2025-04-16,25828.0,1053,35220.0,9032,150.0,2025-04-15,26188.0
389157.0,페리,2025-03-22,810.0,-1,0.0,-1,0.0,,
389157.0,페리,2025-03-23,2251.0,1441,12622.0,12622,180.0,2025-03-22,0.0
389157.0,페리,2025-03-24,3708.0,1457,25403.0,12781,180.0,2025-03-23,12622.0
389157.0,페리,2025-03-25,5198.0,1490,38526.0,13123,180.0,2025-03-24,25403.0
389157.0,페리,2025-03-26,6672.0,1474,51482.0,12956,180.0,2025-03-25,38526.0
389157.0,페리,2025-03-27,8159.0,1487,64563.0,13081,180.0,2025-03-26,51482.0
389157.0,페리,2025-03-28,9676.0,1517,77947.0,13384,180.0,2025-03-27,64563.0
389157.0,페리,2025-03-29,11238.0,1562,91776.0,13829,180.0,2025-03-28,77947.0
389157.0,페리,2025-04-12,12498.0,1260,0.0,-1,0.0,2025-03-29,91776.0
389157.0,페리,2025-04-13,14056.0,1558,13800.0,13800,180.0,2025-04-12,0.0
389157.0,페리,2025-04-14,15644.0,1588,27907.0,14107,180.0,2025-04-13,13800.0
389157.0,페리,2025-04-15,17231.0,1587,41999.0,14092,180.0,2025-04-14,27907.0
389157.0,페리,2025-04-16,18809.0,1578,55995.0,13996,180.0,2025-04-15,41999.0
1861815.0,프리렌,2025-02-08,450.0,-1,0.0,-1,0.0,,
1861815.0,프리렌,2025-02-09,1412.0,962,7831.0,7831,180.0,2025-02-08,0.0
1861815.0,프리렌,2025-02-10,2427.0,1015,16196.0,8365,180.0,2025-02-09,7831.0
1861815.0,프리렌,2025-02-11,3562.0,1135,25758.0,9562,180.0,2025-02-10,16196.0
1861815.0,프리렌,2025-02-12,4612.0,1050,34468.0,8710,180.0,2025-02-11,25758.0
1861815.0,프리렌,2025-02-13,5669.0,1057,43245.0,8777,180.0,2025-02-12,34468.0
1861815.0,프리렌,2025-02-14,6789.0,1120,52666.0,9421,180.0,2025-02-13,43245.0
1861815.0,프리렌,2025-02-15,7835.0,1046,61340.0,8674,180.0,2025-02-14,52666.0
1861815.0,프리렌,2025-03-01,9095.0,1260,0.0,-1,0.0,2025-02-15,61340.0
1861815.0,프리렌,2025-03-02,10199.0,1104,9244.0,9244,180.0,2025-03-01,0.0
1861815.0,프리렌,2025-03-03,11274.0,1075,18216.0,8972,180.0,2025-03-02,9244.0
1861815.0,프리렌,2025-03-04,12358.0,1084,27268.0,9052,180.0,2025-03-03,18216.0
1861815.0,프리렌,2025-03-05,13468.0,1110,36587.0,9319,180.0,2025-03-04,27268.0
1861815.0,프리렌,2025-03-06,14614.0,1146,46258.0,9671,180.0,2025-03-05,36587.0
1861815.0,프리렌,2025-03-07,15781.0,1167,56139.0,9881,180.0,2025-03-06,46258.0
1861815.0,프리렌,2025-03-08,16932.0,1151,65866.0,9727,180.0,2025-03-07,56139.0
