UID,nickname,date,daily_merit,daily_score,battle_count,daily_mission,attendance
94359.0,0노엘0,2025-02-08,-1,-1,0,0,0
94359.0,0노엘0,2025-02-09,961,7832,3,1,1
94359.0,0노엘0,2025-02-10,1021,8426,3,1,1
94359.0,0노엘0,2025-02-11,1097,9178,3,1,1
94359.0,0노엘0,2025-02-12,754,6047,2,1,1
94359.0,0노엘0,2025-02-13,1050,8713,3,1,1
94359.0,0노엘0,2025-02-14,1062,8832,3,1,1
94359.0,0노엘0,2025-02-15,810,6611,2,1,1
94359.0,0노엘0,2025-03-01,1260,-1,0,0,0
94359.0,0노엘0,2025-03-02,998,8194,3,1,1
94359.0,0노엘0,2025-03-03,995,8167,3,1,1
94359.0,0노엘0,2025-03-04,1062,8842,3,1,1
94359.0,0노엘0,2025-03-05,784,6346,2,1,1
94359.0,0노엘0,2025-03-06,1046,8667,3,1,1
94359.0,0노엘0,2025-03-07,1078,8994,3,1,1
94359.0,0노엘0,2025-03-08,1027,8475,3,1,1
94359.0,0노엘0,2025-03-22,1260,-1,0,0,0
94359.0,0노엘0,2025-03-23,1455,12755,3,1,1
94359.0,0노엘0,2025-03-24,1488,13089,3,1,1
94359.0,0노엘0,2025-03-25,1488,13090,3,1,1
94359.0,0노엘0,2025-03-26,1473,12948,3,1,1
94359.0,0노엘0,2025-03-27,1475,12964,3,1,1
94359.0,0노엘0,2025-03-28,1484,13052,3,1,1
94359.0,0노엘0,2025-03-29,1063,9143,2,1,1
94359.0,0노엘0,2025-04-12,1260,-1,0,0,0
94359.0,0노엘0,2025-04-13,1075,9000,3,1,1
94359.0,0노엘0,2025-04-14,1563,14099,2,1,1
94359.0,0노엘0,2025-04-15,1094,9458,2,1,1
94359.0,0노엘0,2025-04-16,1561,13828,3,1,1
17812.0,Ailless,2025-02-08,-1,-1,0,0,0
17812.0,Ailless,2025-02-09,557,3778,3,1,1
17812.0,Ailless,2025-02-10,786,6076,3,1,1
17812.0,Ailless,2025-02-11,934,7558,3,1,1
17812.0,Ailless,2025-02-12,852,6737,3,1,1
17812.0,Ailless,2025-02-13,919,7406,3,1,1
17812.0,Ailless,2025-02-14,930,7514,3,1,1
17812.0,Ailless,2025-02-15,956,7774,3,1,1
17812.0,Ailless,2025-03-01,1260,-1,0,0,0
17812.0,Ailless,2025-03-02,947,7686,3,1,1
17812.0,Ailless,2025-03-03,992,8133,3,1,1
17812.0,Ailless,2025-03-04,1070,8908,3,1,1
17812.0,Ailless,2025-03-05,1000,8211,3,1,1
17812.0,Ailless,2025-03-06,1019,8404,3,1,1
17812.0,Ailless,2025-03-07,1064,8855,3,1,1
17812.0,Ailless,2025-03-08,1045,8661,3,1,1
17812.0,Ailless,2025-03-22,1260,-1,0,0,0
17812.0,Ailless,2025-03-23,1441,12618,3,1,1
17812.0,Ailless,2025-03-24,1443,12640,3,1,1
17812.0,Ailless,2025-03-25,1384,12058,3,1,1
17812.0,Ailless,2025-03-26,1452,12730,3,1,1
17812.0,Ailless,2025-03-27,1453,12751,3,1,1
17812.0,Ailless,2025-03-28,1473,12934,3,1,1
17812.0,Ailless,2025-03-29,1507,13280,3,1,1
17812.0,Ailless,2025-04-12,1260,-1,0,0,0
17812.0,Ailless,2025-04-13,1548,13695,3,1,1
17812.0,Ailless,2025-04-14,1529,13501,3,1,1
17812.0,Ailless,2025-04-15,1559,13812,3,1,1
17812.0,Ailless,2025-04-16,1537,13581,3,1,1
34885.0,Bigfish,2025-02-08,-1,-1,0,0,0
34885.0,Bigfish,2025-02-09,776,6275,2,1,1
34885.0,Bigfish,2025-02-10,782,6322,2,1,1
34885.0,Bigfish,2025-02-11,793,6439,2,1,1
34885.0,Bigfish,2025-02-12,790,6404,2,1,1
34885.0,Bigfish,2025-02-13,790,6409,2,1,1
34885.0,Bigfish,2025-02-14,798,6488,2,1,1
34885.0,Bigfish,2025-02-15,811,6619,2,1,1
34885.0,Bigfish,2025-03-01,1260,-1,0,0,0
34885.0,Bigfish,2025-03-02,1048,8681,3,1,1
34885.0,Bigfish,2025-03-03,1023,8449,3,1,1
34885.0,Bigfish,2025-03-04,1041,8620,3,1,1
34885.0,Bigfish,2025-03-05,1028,8492,3,1,1
34885.0,Bigfish,2025-03-06,1058,8789,3,1,1
34885.0,Bigfish,2025-03-07,1072,8935,3,1,1
34885.0,Bigfish,2025-03-08,1032,8539,3,1,1
34885.0,Bigfish,2025-03-22,1260,-1,0,0,0
34885.0,Bigfish,2025-03-23,1031,8833,2,1,1
34885.0,Bigfish,2025-03-24,1041,8916,2,1,1
34885.0,Bigfish,2025-03-25,1051,9023,2,1,1
34885.0,Bigfish,2025-03-26,1030,8804,2,1,1
34885.0,Bigfish,2025-03-27,1034,8850,2,1,1
34885.0,Bigfish,2025-03-28,1059,9095,2,1,1
34885.0,Bigfish,2025-03-29,1069,9207,2,1,1
34885.0,Bigfish,2025-04-12,1260,-1,0,0,0
34885.0,Bigfish,2025-04-13,1087,9404,2,1,1
34885.0,Bigfish,2025-04-14,1091,9404,2,1,1
34885.0,Bigfish,2025-04-15,1091,9413,2,1,1
34885.0,Bigfish,2025-04-16,1086,9365,2,1,1
176619.0,Blue37,2025-02-08,-1,-1,0,0,0
176619.0,Blue37,2025-02-09,480,3310,2,1,1
176619.0,Blue37,2025-02-10,488,3384,2,1,1
176619.0,Blue37,2025-02-11,526,3763,2,1,1
176619.0,Blue37,2025-02-12,521,3715,2,1,1
176619.0,Blue37,2025-02-13,544,3953,2,1,1
176619.0,Blue37,2025-02-14,790,6117,3,1,1
176619.0,Blue37,2025-02-15,529,3798,2,1,1
1192758.0,CHECHE,2025-02-08,-1,-1,0,0,0
1192758.0,CHECHE,2025-02-09,590,4111,3,1,1
1192758.0,CHECHE,2025-02-10,644,4685,3,1,1
1192758.0,CHECHE,2025-02-11,671,4904,3,1,1
1192758.0,CHECHE,2025-02-12,639,4603,3,1,1
1192758.0,CHECHE,2025-02-13,658,4800,3,1,1
1192758.0,CHECHE,2025-02-14,709,5307,3,1,1
1192758.0,CHECHE,2025-02-15,659,4799,3,1,1
1192758.0,CHECHE,2025-03-01,1260,-1,0,0,0
1192758.0,CHECHE,2025-03-02,636,4570,3,1,1
1192758.0,CHECHE,2025-03-03,576,3973,3,1,1
1192758.0,CHECHE,2025-03-04,663,4852,3,1,1
1192758.0,CHECHE,2025-03-05,619,4395,3,1,1
1192758.0,CHECHE,2025-03-06,711,5321,3,1,1
1192758.0,CHECHE,2025-03-07,639,4607,3,1,1
1192758.0,CHECHE,2025-03-08,658,-27718,0,0,0
1256692.0,LSUTIGERS,2025-02-08,-1,-1,0,0,0
1256692.0,LSUTIGERS,2025-02-09,826,6474,3,1,1
1256692.0,LSUTIGERS,2025-02-10,844,6659,3,1,1
1256692.0,LSUTIGERS,2025-02-11,940,7614,3,1,1
1256692.0,LSUTIGERS,2025-02-12,894,7152,3,1,1
1256692.0,LSUTIGERS,2025-02-13,879,7001,3,1,1
1256692.0,LSUTIGERS,2025-02-14,992,8143,3,1,1
1256692.0,LSUTIGERS,2025-02-15,878,7396,3,0,1
1256692.0,LSUTIGERS,2025-03-01,1220,-1,0,0,0
1256692.0,LSUTIGERS,2025-03-02,917,7378,3,1,1
1256692.0,LSUTIGERS,2025-03-03,934,7564,3,1,1
1256692.0,LSUTIGERS,2025-03-04,985,8061,3,1,1
1256692.0,LSUTIGERS,2025-03-05,941,7627,3,1,1
1256692.0,LSUTIGERS,2025-03-06,993,8142,3,1,1
1256692.0,LSUTIGERS,2025-03-07,978,7995,3,1,1
1256692.0,LSUTIGERS,2025-03-08,963,7843,3,1,1
3155311.0,Ryngvi,2025-02-08,-1,-1,0,0,0
3155311.0,Ryngvi,2025-02-09,1060,8811,3,1,1
3155311.0,Ryngvi,2025-02-10,1073,8953,3,1,1
3155311.0,Ryngvi,2025-02-11,1086,9077,3,1,1
3155311.0,Ryngvi,2025-02-12,1083,9046,3,1,1
3155311.0,Ryngvi,2025-02-13,1211,10326,3,1,1
3155311.0,Ryngvi,2025-02-14,1229,10505,3,1,1
3155311.0,Ryngvi,2025-02-15,1213,10341,3,1,1
3155311.0,Ryngvi,2025-03-01,1260,-1,0,0,0
3155311.0,Ryngvi,2025-03-02,1082,9035,3,1,1
3155311.0,Ryngvi,2025-03-03,1128,9487,3,1,1
3155311.0,Ryngvi,2025-03-04,1198,10187,3,1,1
3155311.0,Ryngvi,2025-03-05,1154,9756,3,1,1
3155311.0,Ryngvi,2025-03-06,1204,10257,3,1,1
3155311.0,Ryngvi,2025-03-07,1203,10235,3,1,1
3155311.0,Ryngvi,2025-03-08,1205,10258,3,1,1
3155311.0,Ryngvi,2025-03-22,1260,-1,0,0,0
3155311.0,Ryngvi,2025-03-23,1445,12661,3,1,1
3155311.0,Ryngvi,2025-03-24,1466,12870,3,1,1
3155311.0,Ryngvi,2025-03-25,1039,8904,2,1,1
3155311.0,Ryngvi,2025-03-26,1033,8834,2,1,1
3155311.0,Ryngvi,2025-03-27,1030,8807,2,1,1
3155311.0,Ryngvi,2025-03-28,1027,8784,2,1,1
3155311.0,Ryngvi,2025-03-29,1055,9064,2,1,1
3155311.0,Ryngvi,2025-04-12,1260,-1,0,0,0
3155311.0,Ryngvi,2025-04-13,1582,14050,3,1,1
3155311.0,Ryngvi,2025-04-14,1596,14174,3,1,1
3155311.0,Ryngvi,2025-04-15,1596,14185,3,1,1
3155311.0,Ryngvi,2025-04-16,2058,18830,3,1,1
434634.0,SWPSR,2025-03-22,-1,-1,0,0,0
434634.0,SWPSR,2025-03-23,1417,12386,3,1,1
434634.0,SWPSR,2025-03-24,1440,12613,3,1,1
434634.0,SWPSR,2025-03-25,1455,12760,3,1,1
434634.0,SWPSR,2025-03-26,556,4366,1,1,1
434634.0,SWPSR,2025-03-27,1450,12717,3,1,1
434634.0,SWPSR,2025-03-28,1468,12896,3,1,1
434634.0,SWPSR,2025-03-29,1052,9030,2,1,1
434634.0,SWPSR,2025-04-12,1260,-1,0,0,0
434634.0,SWPSR,2025-04-13,1050,9000,2,1,1
434634.0,SWPSR,2025-04-14,1546,13698,3,1,1
434634.0,SWPSR,2025-04-15,1562,13831,3,1,1
434634.0,SWPSR,2025-04-16,1552,13737,3,1,1
13733.0,Syrup,2025-02-08,-1,-1,0,0,0
13733.0,Syrup,2025-02-09,1023,8446,3,1,1
13733.0,Syrup,2025-02-10,1030,8507,3,1,1
13733.0,Syrup,2025-02-11,1067,8890,3,1,1
13733.0,Syrup,2025-02-12,1094,9159,3,1,1
13733.0,Syrup,2025-02-13,1047,8683,3,1,1
13733.0,Syrup,2025-02-14,1170,9910,3,1,1
13733.0,Syrup,2025-02-15,1089,9109,3,1,1
13733.0,Syrup,2025-03-01,1260,-1,0,0,0
13733.0,Syrup,2025-03-02,1078,8997,3,1,1
13733.0,Syrup,2025-03-03,1043,8640,3,1,1
13733.0,Syrup,2025-03-04,1167,9884,3,1,1
13733.0,Syrup,2025-03-05,1098,9198,3,1,1
13733.0,Syrup,2025-03-06,1176,9980,3,1,1
13733.0,Syrup,2025-03-07,1158,9796,3,1,1
13733.0,Syrup,2025-03-08,1157,9787,3,1,1
13733.0,Syrup,2025-03-22,1260,-1,0,0,0
13733.0,Syrup,2025-03-23,1420,12412,3,1,1
13733.0,Syrup,2025-03-24,1476,12968,3,1,1
13733.0,Syrup,2025-03-25,1025,8762,2,1,1
13733.0,Syrup,2025-03-26,1011,8622,2,1,1
13733.0,Syrup,2025-03-27,1015,8659,2,1,1
13733.0,Syrup,2025-03-28,1023,8746,2,1,1
13733.0,Syrup,2025-03-29,1021,8719,2,1,1
13733.0,Syrup,2025-04-12,1260,-1,0,0,0
13733.0,Syrup,2025-04-13,1532,13541,3,1,1
13733.0,Syrup,2025-04-14,1544,13656,3,1,1
13733.0,Syrup,2025-04-15,1563,13850,3,1,1
13733.0,Syrup,2025-04-16,1541,13632,3,1,1
2878570.0,Visara,2025-03-22,-1,-1,0,0,0
2878570.0,Visara,2025-03-23,1451,12723,3,1,1
2878570.0,Visara,2025-03-24,1464,12850,3,1,1
2878570.0,Visara,2025-03-25,1474,12949,3,1,1
2878570.0,Visara,2025-03-26,1457,12792,3,1,1
2878570.0,Visara,2025-03-27,1472,12935,3,1,1
2878570.0,Visara,2025-03-28,1487,13089,3,1,1
2878570.0,Visara,2025-03-29,1528,13496,3,1,1
2878570.0,Visara,2025-04-12,1260,-1,0,0,0
2878570.0,Visara,2025-04-13,1538,13600,3,1,1
2878570.0,Visara,2025-04-14,1552,13723,3,1,1
2878570.0,Visara,2025-04-15,1559,13798,3,1,1
2878570.0,Visara,2025-04-16,1561,13834,3,1,1
31979.0,verpivia,2025-02-08,-1,-1,0,0,0
31979.0,verpivia,2025-02-09,971,7924,3,1,1
31979.0,verpivia,2025-02-10,982,8045,3,1,1
31979.0,verpivia,2025-02-11,1043,8640,3,1,1
31979.0,verpivia,2025-02-12,1078,8993,3,1,1
31979.0,verpivia,2025-02-13,1113,9348,3,1,1
31979.0,verpivia,2025-02-14,1147,9682,3,1,1
31979.0,verpivia,2025-02-15,1100,9210,3,1,1
31979.0,verpivia,2025-03-01,1260,-1,0,0,0
31979.0,verpivia,2025-03-02,1041,8622,3,1,1
31979.0,verpivia,2025-03-03,1085,9066,3,1,1
31979.0,verpivia,2025-03-04,1078,8998,3,1,1
31979.0,verpivia,2025-03-05,1091,9121,3,1,1
31979.0,verpivia,2025-03-06,1135,9559,3,1,1
31979.0,verpivia,2025-03-07,1147,9685,3,1,1
31979.0,verpivia,2025-03-08,1106,9271,3,1,1
31979.0,verpivia,2025-03-22,1260,-1,0,0,0
31979.0,verpivia,2025-03-23,1462,12826,3,1,1
31979.0,verpivia,2025-03-24,1483,13045,3,1,1
31979.0,verpivia,2025-03-25,1495,13169,3,1,1
31979.0,verpivia,2025-03-26,1491,13118,3,1,1
31979.0,verpivia,2025-03-27,1486,13071,3,1,1
31979.0,verpivia,2025-03-28,1491,13124,3,1,1
31979.0,verpivia,2025-03-29,1558,13803,3,1,1
31979.0,verpivia,2025-04-12,1260,-1,0,0,0
31979.0,verpivia,2025-04-13,1563,13850,3,1,1
31979.0,verpivia,2025-04-14,1571,13943,3,1,1
31979.0,verpivia,2025-04-15,1588,14100,3,1,1
31979.0,verpivia,2025-04-16,1588,14094,3,1,1
2047525.0,국정원장,2025-02-08,-1,-1,0,0,0
2047525.0,국정원장,2025-02-09,923,7443,3,1,1
2047525.0,국정원장,2025-02-10,991,8128,3,1,1
2047525.0,국정원장,2025-02-11,998,8195,3,1,1
2047525.0,국정원장,2025-02-12,871,6933,3,1,1
2047525.0,국정원장,2025-02-13,889,7105,3,1,1
2047525.0,국정원장,2025-02-14,918,7398,3,1,1
2047525.0,국정원장,2025-02-15,869,6901,3,1,1
2047525.0,국정원장,2025-03-01,1260,-1,0,0,0
2047525.0,국정원장,2025-03-02,988,8095,3,1,1
2047525.0,국정원장,2025-03-03,976,7978,3,1,1
2047525.0,국정원장,2025-03-04,1069,8910,3,1,1
2047525.0,국정원장,2025-03-05,988,8093,3,1,1
2047525.0,국정원장,2025-03-06,1051,8724,3,1,1
2047525.0,국정원장,2025-03-07,1104,9261,3,1,1
2047525.0,국정원장,2025-03-08,1027,8490,3,1,1
2047525.0,국정원장,2025-03-22,1260,-1,0,0,0
2047525.0,국정원장,2025-03-23,1009,8594,2,1,1
2047525.0,국정원장,2025-03-24,1450,12713,3,1,1
2047525.0,국정원장,2025-03-25,1027,8774,2,1,1
2047525.0,국정원장,2025-03-26,1449,12712,3,1,1
2047525.0,국정원장,2025-03-27,1003,8533,2,1,1
2047525.0,국정원장,2025-03-28,1462,12838,3,1,1
2047525.0,국정원장,2025-03-29,1467,12883,3,1,1
2047525.0,국정원장,2025-04-12,1260,-1,0,0,0
2047525.0,국정원장,2025-04-13,1532,13534,3,1,1
2047525.0,국정원장,2025-04-14,1551,13725,3,1,1
2047525.0,국정원장,2025-04-15,1559,13801,3,1,1
2047525.0,국정원장,2025-04-16,1642,13733,0,0,0
481782.0,그릴롤,2025-02-08,-1,-1,0,0,0
481782.0,그릴롤,2025-02-09,743,5946,2,1,1
481782.0,그릴롤,2025-02-10,730,5804,2,1,1
481782.0,그릴롤,2025-02-11,755,6050,2,1,1
481782.0,그릴롤,2025-02-12,734,5851,2,1,1
481782.0,그릴롤,2025-02-13,695,5454,2,1,1
481782.0,그릴롤,2025-02-14,732,5827,2,1,1
481782.0,그릴롤,2025-02-15,708,5588,2,1,1
481782.0,그릴롤,2025-03-01,1260,-1,0,0,0
481782.0,그릴롤,2025-03-02,995,8152,3,1,1
481782.0,그릴롤,2025-03-03,1012,8341,3,1,1
481782.0,그릴롤,2025-03-04,1116,9377,3,1,1
481782.0,그릴롤,2025-03-05,1030,8512,3,1,1
481782.0,그릴롤,2025-03-06,1104,9258,3,1,1
481782.0,그릴롤,2025-03-07,1153,9746,3,1,1
481782.0,그릴롤,2025-03-08,1092,9130,3,1,1
481782.0,그릴롤,2025-03-22,1260,-1,0,0,0
481782.0,그릴롤,2025-03-23,1463,12831,3,1,1
481782.0,그릴롤,2025-03-24,1481,13017,3,1,1
481782.0,그릴롤,2025-03-25,1493,13145,3,1,1
481782.0,그릴롤,2025-03-26,1477,12974,3,1,1
481782.0,그릴롤,2025-03-27,1481,13032,3,1,1
481782.0,그릴롤,2025-03-28,1490,13117,3,1,1
481782.0,그릴롤,2025-03-29,1474,12958,3,1,1
481782.0,그릴롤,2025-04-12,1260,-1,0,0,0
481782.0,그릴롤,2025-04-13,1568,13895,3,1,1
481782.0,그릴롤,2025-04-14,1570,13914,3,1,1
481782.0,그릴롤,2025-04-15,1580,14027,3,1,1
481782.0,그릴롤,2025-04-16,1575,13969,3,1,1
11840.0,나,2025-02-08,-1,-1,0,0,0
11840.0,나,2025-02-09,586,4390,2,1,1
11840.0,나,2025-02-10,611,4622,2,1,1
11840.0,나,2025-02-11,630,4809,2,1,1
11840.0,나,2025-02-12,573,4241,2,1,1
11840.0,나,2025-02-13,540,3915,2,1,1
11840.0,나,2025-02-14,702,5537,2,1,1
11840.0,나,2025-02-15,617,4671,2,1,1
11840.0,나,2025-03-01,1260,-1,0,0,0
11840.0,나,2025-03-02,822,6433,3,1,1
11840.0,나,2025-03-03,795,6160,3,1,1
11840.0,나,2025-03-04,817,6381,3,1,1
11840.0,나,2025-03-05,787,6087,3,1,1
11840.0,나,2025-03-06,822,6434,3,1,1
11840.0,나,2025-03-07,870,6915,3,1,1
11840.0,나,2025-03-08,845,6667,3,1,1
11840.0,나,2025-03-22,1260,-1,0,0,0
11840.0,나,2025-03-23,965,8156,2,1,1
11840.0,나,2025-03-24,985,8361,2,1,1
11840.0,나,2025-03-25,985,8353,2,1,1
11840.0,나,2025-03-26,981,8321,2,1,1
11840.0,나,2025-03-27,943,7942,2,1,1
11840.0,나,2025-03-28,993,8432,2,1,1
11840.0,나,2025-03-29,978,8287,2,1,1
11840.0,나,2025-04-12,1260,-1,0,0,0
11840.0,나,2025-04-13,1038,8900,2,1,1
11840.0,나,2025-04-14,1051,9011,2,1,1
11840.0,나,2025-04-15,1045,8958,2,1,1
11840.0,나,2025-04-16,1042,8930,2,1,1
762070.0,냐옹아울어바,2025-02-08,-1,-1,0,0,0
762070.0,냐옹아울어바,2025-02-09,884,7057,3,1,1
762070.0,냐옹아울어바,2025-02-10,1019,8404,3,1,1
762070.0,냐옹아울어바,2025-02-11,979,7998,3,1,1
762070.0,냐옹아울어바,2025-02-12,1002,8233,3,1,1
762070.0,냐옹아울어바,2025-02-13,977,7990,3,1,1
762070.0,냐옹아울어바,2025-02-14,981,8025,3,1,1
762070.0,냐옹아울어바,2025-02-15,725,5754,2,1,1
762070.0,냐옹아울어바,2025-03-01,1260,-1,0,0,0
762070.0,냐옹아울어바,2025-03-02,972,8337,3,0,1
762070.0,냐옹아울어바,2025-03-03,995,8162,3,1,1
762070.0,냐옹아울어바,2025-03-04,1008,8286,3,1,1
762070.0,냐옹아울어바,2025-03-05,964,7852,3,1,1
762070.0,냐옹아울어바,2025-03-06,1003,8238,3,1,1
762070.0,냐옹아울어바,2025-03-07,1046,8680,3,1,1
762070.0,냐옹아울어바,2025-03-08,1016,8371,3,1,1
1581287.0,네부,2025-02-08,-1,-1,0,0,0
1581287.0,네부,2025-02-09,997,8191,3,1,1
1581287.0,네부,2025-02-10,1053,8744,3,1,1
1581287.0,네부,2025-02-11,1116,9377,3,1,1
1581287.0,네부,2025-02-12,961,7815,3,1,1
1581287.0,네부,2025-02-13,1081,9023,3,1,1
1581287.0,네부,2025-02-14,1161,9825,3,1,1
1581287.0,네부,2025-02-15,1113,9345,3,1,1
1581287.0,네부,2025-03-01,1260,-1,0,0,0
1581287.0,네부,2025-03-02,1048,8696,3,1,1
1581287.0,네부,2025-03-03,1109,9298,3,1,1
1581287.0,네부,2025-03-04,1126,9464,3,1,1
1581287.0,네부,2025-03-05,1105,9254,3,1,1
1581287.0,네부,2025-03-06,1132,9537,3,1,1
1581287.0,네부,2025-03-07,1168,9898,3,1,1
1581287.0,네부,2025-03-08,1144,9655,3,1,1
1581287.0,네부,2025-03-22,1260,-1,0,0,0
1581287.0,네부,2025-03-23,1449,12697,3,1,1
1581287.0,네부,2025-03-24,1459,12797,3,1,1
1581287.0,네부,2025-03-25,1475,12962,3,1,1
1581287.0,네부,2025-03-26,1447,12692,3,1,1
1581287.0,네부,2025-03-27,1461,12829,3,1,1
1581287.0,네부,2025-03-28,1480,13006,3,1,1
1581287.0,네부,2025-03-29,1517,13378,3,1,1
1581287.0,네부,2025-04-12,1260,-1,0,0,0
1581287.0,네부,2025-04-13,1546,13700,3,1,1
1581287.0,네부,2025-04-14,1574,13946,3,1,1
1581287.0,네부,2025-04-15,1578,13992,3,1,1
1581287.0,네부,2025-04-16,1565,13874,3,1,1
2777044.0,노네임,2025-02-08,-1,-1,0,0,0
2777044.0,노네임,2025-02-09,639,4894,2,1,1
2777044.0,노네임,2025-02-10,668,5188,2,1,1
2777044.0,노네임,2025-02-11,701,5515,2,1,1
2777044.0,노네임,2025-02-12,679,5296,2,1,1
2777044.0,노네임,2025-02-13,599,4499,2,1,1
2777044.0,노네임,2025-02-14,691,5412,2,1,1
2777044.0,노네임,2025-02-15,673,5240,2,1,1
2777044.0,노네임,2025-03-01,1260,-1,0,0,0
2777044.0,노네임,2025-03-02,932,7534,3,1,1
2777044.0,노네임,2025-03-03,891,7115,3,1,1
2777044.0,노네임,2025-03-04,945,7654,3,1,1
2777044.0,노네임,2025-03-05,894,7149,3,1,1
2777044.0,노네임,2025-03-06,986,8072,3,1,1
2777044.0,노네임,2025-03-07,1001,8220,3,1,1
2777044.0,노네임,2025-03-08,954,7746,3,1,1
2777044.0,노네임,2025-03-22,1170,-1,0,0,0
2777044.0,노네임,2025-03-23,950,8013,2,1,1
2777044.0,노네임,2025-03-24,982,8328,2,1,1
2777044.0,노네임,2025-03-25,992,8423,2,1,1
2777044.0,노네임,2025-03-26,971,8217,2,1,1
2777044.0,노네임,2025-03-27,985,8361,2,1,1
2777044.0,노네임,2025-03-28,1002,8534,2,1,1
2777044.0,노네임,2025-03-29,1015,8660,2,1,1
2777044.0,노네임,2025-04-12,1260,-1,0,0,0
2777044.0,노네임,2025-04-13,1031,8824,2,1,1
2777044.0,노네임,2025-04-14,985,8763,2,0,1
2777044.0,노네임,2025-04-15,981,8313,2,1,1
2777044.0,노네임,2025-04-16,943,7941,2,1,1
105215.0,달려,2025-02-08,-1,-1,0,0,0
105215.0,달려,2025-02-09,972,7922,3,1,1
105215.0,달려,2025-02-10,978,8000,3,1,1
105215.0,달려,2025-02-11,711,5621,2,1,1
105215.0,달려,2025-02-12,680,5307,2,1,1
105215.0,달려,2025-02-13,650,5010,2,1,1
105215.0,달려,2025-02-14,869,7201,2,1,1
105215.0,달려,2025-02-15,715,5653,2,1,1
105215.0,달려,2025-03-01,1260,-1,0,0,0
105215.0,달려,2025-03-02,921,7423,3,1,1
105215.0,달려,2025-03-03,967,7890,3,1,1
105215.0,달려,2025-03-04,997,8187,3,1,1
105215.0,달려,2025-03-05,952,7728,3,1,1
105215.0,달려,2025-03-06,962,7836,3,1,1
105215.0,달려,2025-03-07,1041,8616,3,1,1
105215.0,달려,2025-03-08,1026,8471,3,1,1
105215.0,달려,2025-03-22,1260,-1,0,0,0
105215.0,달려,2025-03-23,1335,11562,3,1,1
105215.0,달려,2025-03-24,1026,8765,2,1,1
105215.0,달려,2025-03-25,1024,8752,2,1,1
105215.0,달려,2025-03-26,1011,8628,2,1,1
105215.0,달려,2025-03-27,1019,8694,2,1,1
105215.0,달려,2025-03-28,1027,8776,2,1,1
105215.0,달려,2025-03-29,1063,9141,2,1,1
105215.0,달려,2025-04-12,1170,-1,0,0,0
105215.0,달려,2025-04-13,1526,13470,3,1,1
105215.0,달려,2025-04-14,1051,9026,2,1,1
105215.0,달려,2025-04-15,90,0,0,1,1
105215.0,달려,2025-04-16,1539,13606,3,1,1
372401.0,더브리,2025-02-08,-1,-1,0,0,0
372401.0,더브리,2025-02-09,1175,9958,3,1,1
372401.0,더브리,2025-02-10,1207,10280,3,1,1
372401.0,더브리,2025-02-11,1294,11162,3,1,1
372401.0,더브리,2025-02-12,1278,10995,3,1,1
372401.0,더브리,2025-02-13,1261,10830,3,1,1
372401.0,더브리,2025-02-14,1329,11505,3,1,1
372401.0,더브리,2025-02-15,1274,10952,3,1,1
372401.0,더브리,2025-03-01,1260,-1,0,0,0
372401.0,더브리,2025-03-02,1240,10611,3,1,1
372401.0,더브리,2025-03-03,1184,10057,3,1,1
372401.0,더브리,2025-03-04,1248,10693,3,1,1
372401.0,더브리,2025-03-05,1136,9569,3,1,1
372401.0,더브리,2025-03-06,1263,10844,3,1,1
372401.0,더브리,2025-03-07,1274,10964,3,1,1
372401.0,더브리,2025-03-08,1227,10485,3,1,1
372401.0,더브리,2025-03-22,1260,-1,0,0,0
372401.0,더브리,2025-03-23,1515,13362,3,1,1
372401.0,더브리,2025-03-24,1520,13422,3,1,1
372401.0,더브리,2025-03-25,1553,13748,3,1,1
372401.0,더브리,2025-03-26,1557,13779,3,1,1
372401.0,더브리,2025-03-27,1543,13635,3,1,1
372401.0,더브리,2025-03-28,1556,13769,3,1,1
372401.0,더브리,2025-03-29,1093,9443,2,1,1
372401.0,더브리,2025-04-12,1260,-1,0,0,0
372401.0,더브리,2025-04-13,1596,14187,3,1,1
372401.0,더브리,2025-04-14,1596,14187,3,1,1
372401.0,더브리,2025-04-15,1596,14187,3,1,1
372401.0,더브리,2025-04-16,1596,14187,3,1,1
278406.0,델타,2025-02-08,-1,-1,0,0,0
278406.0,델타,2025-02-09,571,4221,2,1,1
278406.0,델타,2025-02-10,618,4696,2,1,1
278406.0,델타,2025-02-11,621,4720,2,1,1
278406.0,델타,2025-02-12,601,4520,2,1,1
278406.0,델타,2025-02-13,619,4696,2,1,1
278406.0,델타,2025-02-14,664,5149,2,1,1
278406.0,델타,2025-02-15,627,4777,2,1,1
278406.0,델타,2025-03-01,1260,-1,0,0,0
278406.0,델타,2025-03-02,532,3837,2,1,1
278406.0,델타,2025-03-03,879,7007,3,1,1
278406.0,델타,2025-03-04,883,7042,3,1,1
278406.0,델타,2025-03-05,880,7013,3,1,1
278406.0,델타,2025-03-06,970,7914,3,1,1
278406.0,델타,2025-03-07,933,7541,3,1,1
278406.0,델타,2025-03-08,961,7832,3,1,1
278406.0,델타,2025-03-22,1260,-1,0,0,0
278406.0,델타,2025-03-23,939,7902,2,1,1
278406.0,델타,2025-03-24,977,8276,2,1,1
278406.0,델타,2025-03-25,976,8267,2,1,1
278406.0,델타,2025-03-26,970,8212,2,1,1
278406.0,델타,2025-03-27,980,8314,2,1,1
278406.0,델타,2025-03-28,994,8447,2,1,1
278406.0,델타,2025-03-29,974,8255,2,1,1
278406.0,델타,2025-04-12,1260,-1,0,0,0
278406.0,델타,2025-04-13,1053,9000,2,1,1
278406.0,델타,2025-04-14,1081,9357,2,1,1
278406.0,델타,2025-04-15,1065,9160,2,1,1
278406.0,델타,2025-04-16,1068,9194,2,1,1
3192182.0,레티시어,2025-03-22,-1,-1,0,0,0
3192182.0,레티시어,2025-03-23,1381,12025,3,1,1
3192182.0,레티시어,2025-03-24,1356,11770,3,1,1
3192182.0,레티시어,2025-03-25,1424,12455,3,1,1
3192182.0,레티시어,2025-03-26,1407,12278,3,1,1
3192182.0,레티시어,2025-03-27,1412,12335,3,1,1
3192182.0,레티시어,2025-03-28,1430,12523,3,1,1
3192182.0,레티시어,2025-03-29,1475,12966,3,1,1
3192182.0,레티시어,2025-04-12,1260,-1,0,0,0
3192182.0,레티시어,2025-04-13,1439,12600,3,1,1
3192182.0,레티시어,2025-04-14,1470,12932,3,1,1
3192182.0,레티시어,2025-04-15,1487,13089,3,1,1
3192182.0,레티시어,2025-04-16,1465,12860,3,1,1
283659.0,리아,2025-02-08,-1,-1,0,0,0
283659.0,리아,2025-02-09,622,4733,2,1,1
283659.0,리아,2025-02-10,641,4919,2,1,1
283659.0,리아,2025-02-11,900,7217,3,1,1
283659.0,리아,2025-02-12,837,6591,3,1,1
283659.0,리아,2025-02-13,660,5107,2,1,1
283659.0,리아,2025-02-14,648,4989,2,1,1
283659.0,리아,2025-02-15,655,5060,2,1,1
283659.0,리아,2025-03-01,1170,-1,0,0,0
283659.0,리아,2025-03-02,859,6801,3,1,1
283659.0,리아,2025-03-03,856,6775,3,1,1
283659.0,리아,2025-03-04,831,6526,3,1,1
283659.0,리아,2025-03-05,781,6022,3,1,1
283659.0,리아,2025-03-06,843,6641,3,1,1
283659.0,리아,2025-03-07,846,6672,3,1,1
283659.0,리아,2025-03-08,924,7453,3,1,1
283659.0,리아,2025-03-22,1260,-1,0,0,0
283659.0,리아,2025-03-23,923,7735,2,1,1
283659.0,리아,2025-03-24,872,7238,2,1,1
283659.0,리아,2025-03-25,858,7080,2,1,1
283659.0,리아,2025-03-26,865,7154,2,1,1
283659.0,리아,2025-03-27,856,7069,2,1,1
283659.0,리아,2025-03-28,862,7131,2,1,1
283659.0,리아,2025-03-29,932,7826,2,1,1
283659.0,리아,2025-04-12,1260,-1,0,0,0
283659.0,리아,2025-04-13,921,7715,2,1,1
283659.0,리아,2025-04-14,876,7275,2,1,1
283659.0,리아,2025-04-15,888,7387,2,1,1
283659.0,리아,2025-04-16,886,7368,2,1,1
60896.0,몽별짱,2025-03-22,-1,-1,0,0,0
60896.0,몽별짱,2025-03-23,1429,12501,3,1,1
60896.0,몽별짱,2025-03-24,1011,8621,2,1,1
60896.0,몽별짱,2025-03-25,1017,8675,2,1,1
60896.0,몽별짱,2025-03-26,1002,8531,2,1,1
60896.0,몽별짱,2025-03-27,1006,8564,2,1,1
60896.0,몽별짱,2025-03-28,1458,12792,3,1,1
60896.0,몽별짱,2025-03-29,1504,13253,3,1,1
60896.0,몽별짱,2025-04-12,1260,-1,0,0,0
60896.0,몽별짱,2025-04-13,1064,9099,2,1,1
60896.0,몽별짱,2025-04-14,1055,9099,2,1,1
60896.0,몽별짱,2025-04-15,1064,9156,2,1,1
60896.0,몽별짱,2025-04-16,1511,13322,3,1,1
11504.0,베오바흐터,2025-02-08,-1,-1,0,0,0
11504.0,베오바흐터,2025-02-09,620,4706,2,1,1
11504.0,베오바흐터,2025-02-10,640,4914,2,1,1
11504.0,베오바흐터,2025-02-11,660,5111,2,1,1
11504.0,베오바흐터,2025-02-12,669,5195,2,1,1
11504.0,베오바흐터,2025-02-13,684,5348,2,1,1
11504.0,베오바흐터,2025-02-14,771,6217,2,1,1
11504.0,베오바흐터,2025-02-15,679,5297,2,1,1
11504.0,베오바흐터,2025-03-01,1260,-1,0,0,0
11504.0,베오바흐터,2025-03-02,742,5631,3,1,1
11504.0,베오바흐터,2025-03-03,751,5720,3,1,1
11504.0,베오바흐터,2025-03-04,786,6078,3,1,1
11504.0,베오바흐터,2025-03-05,771,5918,3,1,1
11504.0,베오바흐터,2025-03-06,786,6070,3,1,1
11504.0,베오바흐터,2025-03-07,872,6927,3,1,1
11504.0,베오바흐터,2025-03-08,826,6472,3,1,1
11504.0,베오바흐터,2025-03-22,1260,-1,0,0,0
11504.0,베오바흐터,2025-03-23,913,7635,2,1,1
11504.0,베오바흐터,2025-03-24,971,8217,2,1,1
11504.0,베오바흐터,2025-03-25,989,8405,2,1,1
11504.0,베오바흐터,2025-03-26,975,8262,2,1,1
11504.0,베오바흐터,2025-03-27,983,8339,2,1,1
11504.0,베오바흐터,2025-03-28,984,8346,2,1,1
11504.0,베오바흐터,2025-03-29,1019,8697,2,1,1
11504.0,베오바흐터,2025-04-12,1260,-1,0,0,0
11504.0,베오바흐터,2025-04-13,1024,8720,2,1,1
11504.0,베오바흐터,2025-04-14,1019,8720,2,1,1
11504.0,베오바흐터,2025-04-15,1036,8871,2,1,1
11504.0,베오바흐터,2025-04-16,1015,8659,2,1,1
2281763.0,부굥,2025-02-08,-1,-1,0,0,0
2281763.0,부굥,2025-02-09,882,7039,3,1,1
2281763.0,부굥,2025-02-10,969,7906,3,1,1
2281763.0,부굥,2025-02-11,846,6672,3,1,1
2281763.0,부굥,2025-02-12,971,7920,3,1,1
2281763.0,부굥,2025-02-13,945,7664,3,1,1
2281763.0,부굥,2025-02-14,1011,8327,3,1,1
2281763.0,부굥,2025-02-15,950,7708,3,1,1
2281763.0,부굥,2025-03-01,1260,-1,0,0,0
2281763.0,부굥,2025-03-02,879,7006,3,1,1
2281763.0,부굥,2025-03-03,953,7745,3,1,1
2281763.0,부굥,2025-03-04,991,8115,3,1,1
2281763.0,부굥,2025-03-05,926,7474,3,1,1
2281763.0,부굥,2025-03-06,1014,8347,3,1,1
2281763.0,부굥,2025-03-07,997,8182,3,1,1
2281763.0,부굥,2025-03-08,988,8096,3,1,1
2281763.0,부굥,2025-03-22,1180,-1,0,0,0
2281763.0,부굥,2025-03-23,1447,12680,3,1,1
2281763.0,부굥,2025-03-24,1460,12806,3,1,1
2281763.0,부굥,2025-03-25,1478,12996,3,1,1
2281763.0,부굥,2025-03-26,1470,12920,3,1,1
2281763.0,부굥,2025-03-27,1478,12993,3,1,1
2281763.0,부굥,2025-03-28,1519,13403,3,1,1
2281763.0,부굥,2025-03-29,1553,13744,3,1,1
2281763.0,부굥,2025-04-12,1260,-1,0,0,0
2281763.0,부굥,2025-04-13,1560,13817,3,1,1
2281763.0,부굥,2025-04-14,1572,13940,3,1,1
2281763.0,부굥,2025-04-15,1577,13995,3,1,1
2281763.0,부굥,2025-04-16,1559,13807,3,1,1
576867.0,붉은황새,2025-02-08,-1,-1,0,0,0
576867.0,붉은황새,2025-02-09,718,5695,2,1,1
576867.0,붉은황새,2025-02-10,724,5751,2,1,1
576867.0,붉은황새,2025-02-11,737,5883,2,1,1
576867.0,붉은황새,2025-02-12,710,5609,2,1,1
576867.0,붉은황새,2025-02-13,772,6229,2,1,1
576867.0,붉은황새,2025-02-14,778,6287,2,1,1
576867.0,붉은황새,2025-02-15,720,5710,2,1,1
576867.0,붉은황새,2025-03-01,1260,-1,0,0,0
576867.0,붉은황새,2025-03-02,900,7207,3,1,1
576867.0,붉은황새,2025-03-03,880,7012,3,1,1
576867.0,붉은황새,2025-03-04,941,7627,3,1,1
576867.0,붉은황새,2025-03-05,890,7108,3,1,1
576867.0,붉은황새,2025-03-06,942,7621,3,1,1
576867.0,붉은황새,2025-03-07,960,7806,3,1,1
576867.0,붉은황새,2025-03-08,910,7320,3,1,1
576867.0,붉은황새,2025-03-22,1260,-1,0,0,0
576867.0,붉은황새,2025-03-23,1334,11558,3,1,1
576867.0,붉은황새,2025-03-24,1422,12428,3,1,1
576867.0,붉은황새,2025-03-25,1016,8667,2,1,1
576867.0,붉은황새,2025-03-26,1422,12435,3,1,1
576867.0,붉은황새,2025-03-27,1415,12356,3,1,1
576867.0,붉은황새,2025-03-28,1420,12421,3,1,1
576867.0,붉은황새,2025-03-29,1489,13104,3,1,1
576867.0,붉은황새,2025-04-12,1260,-1,0,0,0
576867.0,붉은황새,2025-04-13,1062,9123,2,1,1
576867.0,붉은황새,2025-04-14,1068,9189,2,1,1
576867.0,붉은황새,2025-04-15,1062,9131,2,1,1
576867.0,붉은황새,2025-04-16,90,0,0,1,1
1914746.0,붕어빵,2025-03-01,-1,-1,0,0,0
1914746.0,붕어빵,2025-03-02,988,8097,3,1,1
1914746.0,붕어빵,2025-03-03,1092,9134,3,1,1
1914746.0,붕어빵,2025-03-04,1138,9593,3,1,1
1914746.0,붕어빵,2025-03-05,1144,9660,3,1,1
1914746.0,붕어빵,2025-03-06,1193,10149,3,1,1
1914746.0,붕어빵,2025-03-07,1209,10302,3,1,1
1914746.0,붕어빵,2025-03-08,1153,9744,3,1,1
188608.0,설윤,2025-03-01,-1,-1,0,0,0
188608.0,설윤,2025-03-02,999,8203,3,1,1
188608.0,설윤,2025-03-03,1002,8228,3,1,1
188608.0,설윤,2025-03-04,1064,8847,3,1,1
188608.0,설윤,2025-03-05,1009,8309,3,1,1
188608.0,설윤,2025-03-06,1076,8969,3,1,1
188608.0,설윤,2025-03-07,1110,9317,3,1,1
188608.0,설윤,2025-03-08,1019,8403,3,1,1
188608.0,설윤,2025-03-22,1260,-1,0,0,0
188608.0,설윤,2025-03-23,1020,8707,2,1,1
188608.0,설윤,2025-03-24,1027,8784,2,1,1
188608.0,설윤,2025-03-25,1034,8842,2,1,1
188608.0,설윤,2025-03-26,1027,8779,2,1,1
188608.0,설윤,2025-03-27,1034,8843,2,1,1
188608.0,설윤,2025-03-28,1039,8903,2,1,1
188608.0,설윤,2025-03-29,1065,9162,2,1,1
188608.0,설윤,2025-04-12,1260,-1,0,0,0
188608.0,설윤,2025-04-13,1075,9268,2,1,1
188608.0,설윤,2025-04-14,1075,9265,2,1,1
188608.0,설윤,2025-04-15,1089,9399,2,1,1
188608.0,설윤,2025-04-16,1073,9243,2,1,1
410091.0,시스,2025-02-08,-1,-1,0,0,0
410091.0,시스,2025-02-09,1102,9234,3,1,1
410091.0,시스,2025-02-10,1115,9345,3,1,1
410091.0,시스,2025-02-11,1114,9377,3,1,1
410091.0,시스,2025-02-12,1098,9206,3,1,1
410091.0,시스,2025-02-13,1113,9343,3,1,1
410091.0,시스,2025-02-14,1198,10193,3,1,1
410091.0,시스,2025-02-15,1138,9581,3,1,1
410091.0,시스,2025-03-01,1258,-1,0,0,0
410091.0,시스,2025-03-02,1116,9379,3,1,1
410091.0,시스,2025-03-03,1122,9443,3,1,1
410091.0,시스,2025-03-04,1181,10018,3,1,1
410091.0,시스,2025-03-05,1115,9370,3,1,1
410091.0,시스,2025-03-06,1211,10323,3,1,1
410091.0,시스,2025-03-07,1204,10259,3,1,1
410091.0,시스,2025-03-08,1184,10054,3,1,1
410091.0,시스,2025-03-22,1260,-1,0,0,0
410091.0,시스,2025-03-23,1485,13062,3,1,1
410091.0,시스,2025-03-24,1499,13211,3,1,1
410091.0,시스,2025-03-25,1486,13071,3,1,1
410091.0,시스,2025-03-26,1507,13288,3,1,1
410091.0,시스,2025-03-27,1518,13402,3,1,1
410091.0,시스,2025-03-28,1533,13540,3,1,1
410091.0,시스,2025-03-29,1665,13975,0,0,0
410091.0,시스,2025-04-12,1260,-1,0,0,0
410091.0,시스,2025-04-13,1576,13982,3,1,1
410091.0,시스,2025-04-14,1589,14103,3,1,1
410091.0,시스,2025-04-15,1592,14143,3,1,1
410091.0,시스,2025-04-16,1499,14112,0,1,1
10495.0,아리아,2025-02-08,-1,-1,0,0,0
10495.0,아리아,2025-02-09,552,4029,2,1,1
10495.0,아리아,2025-02-10,633,4836,2,1,1
10495.0,아리아,2025-02-11,641,4918,2,1,1
10495.0,아리아,2025-02-12,669,5193,2,1,1
10495.0,아리아,2025-02-13,860,6818,3,1,1
10495.0,아리아,2025-02-14,702,5527,2,1,1
10495.0,아리아,2025-02-15,679,5300,2,1,1
10495.0,아리아,2025-03-01,1260,-1,0,0,0
10495.0,아리아,2025-03-02,795,6163,3,1,1
10495.0,아리아,2025-03-03,958,7799,3,1,1
10495.0,아리아,2025-03-04,944,7659,3,1,1
10495.0,아리아,2025-03-05,959,7803,3,1,1
10495.0,아리아,2025-03-06,1005,8256,3,1,1
10495.0,아리아,2025-03-07,1012,8325,3,1,1
10495.0,아리아,2025-03-08,975,7953,3,1,1
10495.0,아리아,2025-03-22,1260,-1,0,0,0
10495.0,아리아,2025-03-23,983,8343,2,1,1
10495.0,아리아,2025-03-24,997,8480,2,1,1
10495.0,아리아,2025-03-25,987,8382,2,1,1
10495.0,아리아,2025-03-26,993,8436,2,1,1
10495.0,아리아,2025-03-27,998,8495,2,1,1
10495.0,아리아,2025-03-28,1020,8708,2,1,1
10495.0,아리아,2025-03-29,1044,8955,2,1,1
10495.0,아리아,2025-04-12,1260,-1,0,0,0
10495.0,아리아,2025-04-13,1049,8997,2,1,1
10495.0,아리아,2025-04-14,1046,8970,2,1,1
10495.0,아리아,2025-04-15,1050,9006,2,1,1
10495.0,아리아,2025-04-16,1039,8906,2,1,1
285247.0,야임,2025-02-08,-1,-1,0,0,0
285247.0,야임,2025-02-09,921,7425,3,1,1
285247.0,야임,2025-02-10,952,7725,3,1,1
285247.0,야임,2025-02-11,983,8046,3,1,1
285247.0,야임,2025-02-12,985,8071,3,1,1
285247.0,야임,2025-02-13,949,7710,3,1,1
285247.0,야임,2025-02-14,1030,8506,3,1,1
285247.0,야임,2025-02-15,989,8106,3,1,1
285247.0,야임,2025-03-01,1260,-1,0,0,0
285247.0,야임,2025-03-02,907,7286,3,1,1
285247.0,야임,2025-03-03,872,6936,3,1,1
285247.0,야임,2025-03-04,985,8063,3,1,1
285247.0,야임,2025-03-05,926,7471,3,1,1
285247.0,야임,2025-03-06,982,8030,3,1,1
285247.0,야임,2025-03-07,1004,8246,3,1,1
285247.0,야임,2025-03-08,946,7674,3,1,1
285247.0,야임,2025-03-22,1260,-1,0,0,0
285247.0,야임,2025-03-23,953,8037,2,1,1
285247.0,야임,2025-03-24,903,7534,2,1,1
285247.0,야임,2025-03-25,982,8338,2,1,1
285247.0,야임,2025-03-26,978,8293,2,1,1
285247.0,야임,2025-03-27,997,8472,2,1,1
285247.0,야임,2025-03-28,983,8332,2,1,1
285247.0,야임,2025-03-29,981,-49006,0,0,0
285247.0,야임,2025-04-12,1260,-1,0,0,0
285247.0,야임,2025-04-13,1032,8800,2,1,1
285247.0,야임,2025-04-14,1048,9018,2,1,1
285247.0,야임,2025-04-15,1038,8885,2,1,1
285247.0,야임,2025-04-16,1036,8876,2,1,1
208728.0,운요,2025-02-08,-1,-1,0,0,0
208728.0,운요,2025-02-09,815,6659,2,1,1
208728.0,운요,2025-02-10,829,6799,2,1,1
208728.0,운요,2025-02-11,835,6863,2,1,1
208728.0,운요,2025-02-12,844,6949,2,1,1
208728.0,운요,2025-02-13,808,6584,2,1,1
208728.0,운요,2025-02-14,872,7232,2,1,1
208728.0,운요,2025-02-15,839,6889,2,1,1
208728.0,운요,2025-03-01,1260,-1,0,0,0
208728.0,운요,2025-03-02,1034,8555,3,1,1
208728.0,운요,2025-03-03,1051,8728,3,1,1
208728.0,운요,2025-03-04,1201,10222,3,1,1
208728.0,운요,2025-03-05,1141,9622,3,1,1
208728.0,운요,2025-03-06,1188,10092,3,1,1
208728.0,운요,2025-03-07,1209,10298,3,1,1
208728.0,운요,2025-03-08,1159,9809,3,1,1
208728.0,운요,2025-03-22,1260,-1,0,0,0
208728.0,운요,2025-03-23,1043,8934,2,1,1
208728.0,운요,2025-03-24,1051,9019,2,1,1
208728.0,운요,2025-03-25,1060,9111,2,1,1
208728.0,운요,2025-03-26,1062,9123,2,1,1
208728.0,운요,2025-03-27,1074,9251,2,1,1
208728.0,운요,2025-03-28,1071,9218,2,1,1
208728.0,운요,2025-03-29,1091,9423,2,1,1
208728.0,운요,2025-04-12,1260,-1,0,0,0
208728.0,운요,2025-04-13,1094,9458,2,1,1
208728.0,운요,2025-04-14,1094,9458,2,1,1
208728.0,운요,2025-04-15,1094,9458,2,1,1
208728.0,운요,2025-04-16,1091,9458,2,1,1
426187.0,이라세오날,2025-03-22,-1,-1,0,0,0
426187.0,이라세오날,2025-03-23,1233,10542,3,1,1
426187.0,이라세오날,2025-03-24,1354,11753,3,1,1
426187.0,이라세오날,2025-03-25,1395,12167,3,1,1
426187.0,이라세오날,2025-03-26,1421,12423,3,1,1
426187.0,이라세오날,2025-03-27,1362,11838,3,1,1
426187.0,이라세오날,2025-03-28,1444,12655,3,1,1
426187.0,이라세오날,2025-03-29,1507,13279,3,1,1
426187.0,이라세오날,2025-04-12,1260,-1,0,0,0
426187.0,이라세오날,2025-04-13,1523,13450,3,1,1
426187.0,이라세오날,2025-04-14,1537,13581,3,1,1
426187.0,이라세오날,2025-04-15,1541,13630,3,1,1
426187.0,이라세오날,2025-04-16,1542,13639,3,1,1
502910.0,이유식실장기원,2025-02-08,-1,-1,0,0,0
502910.0,이유식실장기원,2025-02-09,991,8130,3,1,1
502910.0,이유식실장기원,2025-02-10,997,8180,3,1,1
502910.0,이유식실장기원,2025-02-11,1075,8967,3,1,1
502910.0,이유식실장기원,2025-02-12,978,7991,3,1,1
502910.0,이유식실장기원,2025-02-13,943,7642,3,1,1
502910.0,이유식실장기원,2025-02-14,1072,8936,3,1,1
502910.0,이유식실장기원,2025-02-15,1041,8618,3,1,1
502910.0,이유식실장기원,2025-03-01,1260,-1,0,0,0
502910.0,이유식실장기원,2025-03-02,1021,8426,3,1,1
502910.0,이유식실장기원,2025-03-03,1020,8420,3,1,1
502910.0,이유식실장기원,2025-03-04,1015,8360,3,1,1
502910.0,이유식실장기원,2025-03-05,1037,8576,3,1,1
502910.0,이유식실장기원,2025-03-06,1051,8718,3,1,1
502910.0,이유식실장기원,2025-03-07,1071,8929,3,1,1
502910.0,이유식실장기원,2025-03-08,1077,8982,3,1,1
502910.0,이유식실장기원,2025-03-22,1260,-1,0,0,0
502910.0,이유식실장기원,2025-03-23,1442,12633,3,1,1
502910.0,이유식실장기원,2025-03-24,1490,13104,3,1,1
502910.0,이유식실장기원,2025-03-25,1500,13215,3,1,1
502910.0,이유식실장기원,2025-03-26,1482,13041,3,1,1
502910.0,이유식실장기원,2025-03-27,1495,13163,3,1,1
502910.0,이유식실장기원,2025-03-28,1487,13085,3,1,1
502910.0,이유식실장기원,2025-03-29,1541,13616,3,1,1
502910.0,이유식실장기원,2025-04-12,1260,-1,0,0,0
502910.0,이유식실장기원,2025-04-13,1565,13864,3,1,1
502910.0,이유식실장기원,2025-04-14,1582,14036,3,1,1
502910.0,이유식실장기원,2025-04-15,1578,14003,3,1,1
502910.0,이유식실장기원,2025-04-16,1569,13912,3,1,1
426187.0,지휘관(빨댕이),2025-02-08,-1,-1,0,0,0
426187.0,지휘관(빨댕이),2025-02-09,721,5425,3,1,1
426187.0,지휘관(빨댕이),2025-02-10,795,6168,3,1,1
426187.0,지휘관(빨댕이),2025-02-11,877,6982,3,1,1
426187.0,지휘관(빨댕이),2025-02-12,583,4334,2,1,1
426187.0,지휘관(빨댕이),2025-02-13,592,4429,2,1,1
426187.0,지휘관(빨댕이),2025-02-14,676,5270,2,1,1
426187.0,지휘관(빨댕이),2025-02-15,615,4660,2,1,1
426187.0,지휘관(빨댕이),2025-03-01,1260,-1,0,0,0
426187.0,지휘관(빨댕이),2025-03-02,784,6049,3,1,1
426187.0,지휘관(빨댕이),2025-03-03,763,5838,3,1,1
426187.0,지휘관(빨댕이),2025-03-04,865,6859,3,1,1
426187.0,지휘관(빨댕이),2025-03-05,819,6408,3,1,1
426187.0,지휘관(빨댕이),2025-03-06,806,6273,3,1,1
426187.0,지휘관(빨댕이),2025-03-07,852,6731,3,1,1
426187.0,지휘관(빨댕이),2025-03-08,839,6606,3,1,1
12857.0,지휘관(수오미),2025-02-08,-1,-1,0,0,0
12857.0,지휘관(수오미),2025-02-09,764,6150,2,1,1
12857.0,지휘관(수오미),2025-02-10,768,6188,2,1,1
12857.0,지휘관(수오미),2025-02-11,754,6047,2,1,1
12857.0,지휘관(수오미),2025-02-12,792,6431,2,1,1
12857.0,지휘관(수오미),2025-02-13,788,6382,2,1,1
12857.0,지휘관(수오미),2025-02-14,772,6228,2,1,1
12857.0,지휘관(수오미),2025-02-15,784,6354,2,1,1
12857.0,지휘관(수오미),2025-03-01,1260,-1,0,0,0
12857.0,지휘관(수오미),2025-03-02,784,6350,2,1,1
12857.0,지휘관(수오미),2025-03-03,735,5854,2,1,1
12857.0,지휘관(수오미),2025-03-04,763,6142,2,1,1
12857.0,지휘관(수오미),2025-03-05,723,5743,2,1,1
12857.0,지휘관(수오미),2025-03-06,744,5954,2,1,1
12857.0,지휘관(수오미),2025-03-07,753,6039,2,1,1
12857.0,지휘관(수오미),2025-03-08,798,-36082,0,0,0
20810.0,지휘관(수오미),2025-03-22,-18718,-1,0,0,0
20810.0,지휘관(수오미),2025-03-23,1411,12332,3,1,1
20810.0,지휘관(수오미),2025-03-24,1426,12473,3,1,1
20810.0,지휘관(수오미),2025-03-25,1440,12609,3,1,1
20810.0,지휘관(수오미),2025-03-26,1426,12480,3,1,1
20810.0,지휘관(수오미),2025-03-27,1425,12470,3,1,1
20810.0,지휘관(수오미),2025-03-28,1449,12736,3,1,1
20810.0,지휘관(수오미),2025-03-29,1442,12613,3,1,1
20810.0,지휘관(수오미),2025-04-12,1260,-1,0,0,0
20810.0,지휘관(수오미),2025-04-13,1513,13340,3,1,1
20810.0,지휘관(수오미),2025-04-14,1511,13340,3,1,1
20810.0,지휘관(수오미),2025-04-15,1540,13619,3,1,1
20810.0,지휘관(수오미),2025-04-16,1521,13417,3,1,1
1320552.0,지휘관(와쟝),2025-02-08,-1,-1,0,0,0
1320552.0,지휘관(와쟝),2025-02-09,644,4651,3,1,1
1320552.0,지휘관(와쟝),2025-02-10,90,0,0,1,1
1320552.0,지휘관(와쟝),2025-02-11,643,4643,3,1,1
1320552.0,지휘관(와쟝),2025-02-12,682,5027,3,1,1
1320552.0,지휘관(와쟝),2025-02-13,674,4949,3,1,1
1320552.0,지휘관(와쟝),2025-02-14,686,5067,3,1,1
1320552.0,지휘관(와쟝),2025-02-15,699,5200,3,1,1
58406.0,지휘관(흥국),2025-03-22,-1,-1,0,0,0
58406.0,지휘관(흥국),2025-03-23,829,6794,2,1,1
58406.0,지휘관(흥국),2025-03-24,815,6664,2,1,1
58406.0,지휘관(흥국),2025-03-25,973,8237,2,1,1
58406.0,지휘관(흥국),2025-03-26,978,8284,2,1,1
58406.0,지휘관(흥국),2025-03-27,982,8330,2,1,1
58406.0,지휘관(흥국),2025-03-28,982,8327,2,1,1
58406.0,지휘관(흥국),2025-03-29,1014,8653,2,1,1
58406.0,지휘관(흥국),2025-04-12,1260,-1,0,0,0
58406.0,지휘관(흥국),2025-04-13,989,8400,2,1,1
58406.0,지휘관(흥국),2025-04-14,1046,9365,2,0,1
58406.0,지휘관(흥국),2025-04-15,1045,8962,2,1,1
58406.0,지휘관(흥국),2025-04-16,1041,8923,2,1,1
630222.0,지히간,2025-02-08,-1,-1,0,0,0
630222.0,지히간,2025-02-09,930,7510,3,1,1
630222.0,지히간,2025-02-10,709,5594,2,1,1
630222.0,지히간,2025-02-11,1071,8920,3,1,1
630222.0,지히간,2025-02-12,770,6214,2,1,1
630222.0,지히간,2025-02-13,791,6419,2,1,1
630222.0,지히간,2025-02-14,785,6355,2,1,1
630222.0,지히간,2025-02-15,792,6422,2,1,1
630222.0,지히간,2025-03-01,1260,-1,0,0,0
630222.0,지히간,2025-03-02,775,6261,2,1,1
630222.0,지히간,2025-03-03,985,8073,3,1,1
630222.0,지히간,2025-03-04,996,8174,3,1,1
630222.0,지히간,2025-03-05,976,7970,3,1,1
630222.0,지히간,2025-03-06,998,8203,3,1,1
630222.0,지히간,2025-03-07,1030,8509,3,1,1
630222.0,지히간,2025-03-08,1006,8261,3,1,1
630222.0,지히간,2025-03-22,1260,-1,0,0,0
630222.0,지히간,2025-03-23,968,8188,2,1,1
630222.0,지히간,2025-03-24,988,8388,2,1,1
630222.0,지히간,2025-03-25,1005,8556,2,1,1
630222.0,지히간,2025-03-26,994,8442,2,1,1
630222.0,지히간,2025-03-27,1014,8648,2,1,1
630222.0,지히간,2025-03-28,1011,8620,2,1,1
630222.0,지히간,2025-03-29,1048,8990,2,1,1
630222.0,지히간,2025-04-12,1260,-1,0,0,0
630222.0,지히간,2025-04-13,879,7301,2,1,1
630222.0,지히간,2025-04-14,847,6975,2,1,1
630222.0,지히간,2025-04-15,897,7471,2,1,1
630222.0,지히간,2025-04-16,0,0,0,0,0
1241905.0,직원A,2025-02-08,-1,-1,0,0,0
1241905.0,직원A,2025-02-09,996,8171,3,1,1
1241905.0,직원A,2025-02-10,936,7576,3,1,1
1241905.0,직원A,2025-02-11,1021,8420,3,1,1
1241905.0,직원A,2025-02-12,977,7984,3,1,1
1241905.0,직원A,2025-02-13,1057,8793,3,1,1
1241905.0,직원A,2025-02-14,987,8090,3,1,1
1241905.0,직원A,2025-02-15,1036,8573,3,1,1
1241905.0,직원A,2025-03-01,1260,-1,0,0,0
1241905.0,직원A,2025-03-02,965,7867,3,1,1
1241905.0,직원A,2025-03-03,994,8159,3,1,1
1241905.0,직원A,2025-03-04,1000,8208,3,1,1
1241905.0,직원A,2025-03-05,416,2965,1,1,1
1241905.0,직원A,2025-03-06,993,8145,3,1,1
1241905.0,직원A,2025-03-07,1036,8575,3,1,1
1241905.0,직원A,2025-03-08,981,8024,3,1,1
1241905.0,직원A,2025-03-22,1260,-1,0,0,0
1241905.0,직원A,2025-03-23,1422,12428,3,1,1
1241905.0,직원A,2025-03-24,1429,12501,3,1,1
1241905.0,직원A,2025-03-25,1432,12541,3,1,1
1241905.0,직원A,2025-03-26,1407,12285,3,1,1
1241905.0,직원A,2025-03-27,1445,12672,3,1,1
1241905.0,직원A,2025-03-28,1449,12699,3,1,1
1241905.0,직원A,2025-03-29,1506,13280,3,1,1
1241905.0,직원A,2025-04-12,1260,-1,0,0,0
1241905.0,직원A,2025-04-13,1519,13408,3,1,1
1241905.0,직원A,2025-04-14,1528,13505,3,1,1
1241905.0,직원A,2025-04-15,1539,13603,3,1,1
1241905.0,직원A,2025-04-16,1531,13529,3,1,1
2131202.0,체다치즈,2025-03-22,-1,-1,0,0,0
2131202.0,체다치즈,2025-03-23,995,8465,2,1,1
2131202.0,체다치즈,2025-03-24,994,8450,2,1,1
2131202.0,체다치즈,2025-03-25,1009,8599,2,1,1
2131202.0,체다치즈,2025-03-26,995,8465,2,1,1
2131202.0,체다치즈,2025-03-27,1002,8527,2,1,1
2131202.0,체다치즈,2025-03-28,1473,12941,3,1,1
2131202.0,체다치즈,2025-03-29,535,4150,1,1,1
2131202.0,체다치즈,2025-04-12,1260,-1,0,0,0
2131202.0,체다치즈,2025-04-13,1071,9225,2,1,1
2131202.0,체다치즈,2025-04-14,1066,9176,2,1,1
2131202.0,체다치즈,2025-04-15,1080,9310,2,1,1
2131202.0,체다치즈,2025-04-16,1074,9256,2,1,1
41958.0,파아란,2025-02-08,-1,-1,0,0,0
41958.0,파아란,2025-02-09,587,4383,2,1,1
41958.0,파아란,2025-02-10,600,4513,2,1,1
41958.0,파아란,2025-02-11,642,4927,2,1,1
41958.0,파아란,2025-02-12,658,5091,2,1,1
41958.0,파아란,2025-02-13,659,5107,2,1,1
41958.0,파아란,2025-02-14,605,4551,2,1,1
41958.0,파아란,2025-02-15,668,5187,2,1,1
41958.0,파아란,2025-03-01,1260,-1,0,0,0
41958.0,파아란,2025-03-02,914,7352,3,1,1
41958.0,파아란,2025-03-03,878,6997,3,1,1
41958.0,파아란,2025-03-04,961,7822,3,1,1
41958.0,파아란,2025-03-05,904,7247,3,1,1
41958.0,파아란,2025-03-06,982,8040,3,1,1
41958.0,파아란,2025-03-07,990,8107,3,1,1
41958.0,파아란,2025-03-08,945,7657,3,1,1
41958.0,파아란,2025-03-22,1260,-1,0,0,0
41958.0,파아란,2025-03-23,945,7963,2,1,1
41958.0,파아란,2025-03-24,968,8195,2,1,1
41958.0,파아란,2025-03-25,1001,8515,2,1,1
41958.0,파아란,2025-03-26,1001,8519,2,1,1
41958.0,파아란,2025-03-27,999,8504,2,1,1
41958.0,파아란,2025-03-28,1003,8536,2,1,1
41958.0,파아란,2025-03-29,1018,8690,2,1,1
41958.0,파아란,2025-04-12,1260,-1,0,0,0
41958.0,파아란,2025-04-13,90,0,0,1,1
41958.0,파아란,2025-04-14,1484,13047,3,1,1
41958.0,파아란,2025-04-15,1493,13141,3,1,1
41958.0,파아란,2025-04-16,1053,9032,2,1,1
389157.0,페리,2025-03-22,-1,-1,0,0,0
389157.0,페리,2025-03-23,1441,12622,3,1,1
389157.0,페리,2025-03-24,1457,12781,3,1,1
389157.0,페리,2025-03-25,1490,13123,3,1,1
389157.0,페리,2025-03-26,1474,12956,3,1,1
389157.0,페리,2025-03-27,1487,13081,3,1,1
389157.0,페리,2025-03-28,1517,13384,3,1,1
389157.0,페리,2025-03-29,1562,13829,3,1,1
389157.0,페리,2025-04-12,1260,-1,0,0,0
389157.0,페리,2025-04-13,1558,13800,3,1,1
389157.0,페리,2025-04-14,1588,14107,3,1,1
389157.0,페리,2025-04-15,1587,14092,3,1,1
389157.0,페리,2025-04-16,1578,13996,3,1,1
1861815.0,프리렌,2025-02-08,-1,-1,0,0,0
1861815.0,프리렌,2025-02-09,962,7831,3,1,1
1861815.0,프리렌,2025-02-10,1015,8365,3,1,1
1861815.0,프리렌,2025-02-11,1135,9562,3,1,1
1861815.0,프리렌,2025-02-12,1050,8710,3,1,1
1861815.0,프리렌,2025-02-13,1057,8777,3,1,1
1861815.0,프리렌,2025-02-14,1120,9421,3,1,1
1861815.0,프리렌,2025-02-15,1046,8674,3,1,1
1861815.0,프리렌,2025-03-01,1260,-1,0,0,0
1861815.0,프리렌,2025-03-02,1104,9244,3,1,1
1861815.0,프리렌,2025-03-03,1075,8972,3,1,1
1861815.0,프리렌,2025-03-04,1084,9052,3,1,1
1861815.0,프리렌,2025-03-05,1110,9319,3,1,1
1861815.0,프리렌,2025-03-06,1146,9671,3,1,1
1861815.0,프리렌,2025-03-07,1167,9881,3,1,1
1861815.0,프리렌,2025-03-08,1151,9727,3,1,1
